Workbook
Name Aerogel_batts_rolls: Material_classif_dropdowns!$B$65
Name Aggregates: Material_classif_dropdowns!$B$44:$B$48
Name Aggregates_general: Material_classif_dropdowns!$C$65:$C$66
Name Aggregates_sand_stones: Material_classif_dropdowns!$B$25:$B$27
Name Aircrete: Material_classif_dropdowns!$D$65:$D$67
Name Aluminum: Material_classif_dropdowns!$E$65
Name Aluminum_frame: Material_classif_dropdowns!$F$65
Name Area: Dropdowns!$V$5:$V$8
Name Asphalt_bitumen: Material_classif_dropdowns!$G$65:$G$67
Name Batts_and_rolls: Material_classif_dropdowns!$C$44:$C$47
Name Beams_and_footings: 'Rules of thumb'!$I$4:$I$9
Name Beams_columns: Material_classif_dropdowns!$H$65
Name Bespoke: Dropdowns!$Q$52:$Q$130
Name Bespoke_match: 'Crossmatch material classific.'!$X$2:$X$491
Name Biomass: Material_classif_dropdowns!$I$65:$I$70
Name Biomass_batts_rolls: Material_classif_dropdowns!$J$65:$J$71
Name Biomass_board: Material_classif_dropdowns!$K$65:$K$66
Name Bituminous_roof_membrane: Material_classif_dropdowns!$L$65:$L$67
Name Blocks_bricks_and_precast_products: Material_classif_dropdowns!$C$25:$C$30
Name Board: Material_classif_dropdowns!$D$44:$D$46
Name Boards: Material_classif_dropdowns!$M$65:$M$77
Name BoM_element: 'Bill of material'!$F$6:$F$2003
Name BoM_layer: 'Bill of material'!$G$6:$G$2003
Name BoM_material: 'Bill of material'!$Y$6:$Y$2003
Name BoM_material_summary: 'Bill of material'!$AF$6:$AF$2003
Name BoM_vertical: 'Bill of material'!$E$6:$E$2003
Name BoM_volume: 'Bill of material'!$AE$6:$AE$2003
Name BoM_weight: 'Bill of material'!$AC$6:$AC$2003
Name Breather_membrane: Material_classif_dropdowns!$N$65:$N$66
Name BUD_MI_L4_match: 'Crossmatch material classific.'!$D$2:$D$491
Name building_layer: Dropdowns!$D$5:$D$7
Name building_use: Dropdowns!$S$5:$S$22
Name C_class: Material_classif_dropdowns!$O$65:$O$76
Name Calcium_Silicate_Sheets: Material_classif_dropdowns!$P$65
Name Carbon_steel_door: Material_classif_dropdowns!$Q$65
Name Ceiling: Material_classif_dropdowns!$E$44:$E$47
Name Cementitious_foam: Material_classif_dropdowns!$R$65
Name Cementitious_mixtures: Material_classif_dropdowns!$F$44:$F$47
Name Ceramics_tiles: Material_classif_dropdowns!$S$65:$S$66
Name Clay: Material_classif_dropdowns!$T$65:$T$66
Name Clay_brick: Material_classif_dropdowns!$U$65:$U$68
Name Clay_concrete_LECA: Material_classif_dropdowns!$V$65:$V$66
Name Clay_concrete_LECA_hollow: Material_classif_dropdowns!$W$65:$W$66
Name Columns_and_piles: 'Rules of thumb'!$I$10:$I$14
Name Concrete: Material_classif_dropdowns!$X$65:$X$67
Name Concrete_aggregate: Material_classif_dropdowns!$Y$65:$Y$67
Name Concrete_brick: Material_classif_dropdowns!$Z$65:$Z$66
Name Concrete_in_situ: Material_classif_dropdowns!$G$44:$G$45
Name Concrete_in_situ_general: Material_classif_dropdowns!$AA$65
Name context: Dropdowns!$F$5:$F$8
Name Copper: Material_classif_dropdowns!$AB$65
Name Countries: Dropdowns!$A$52:$C$300
Name Country: Dropdowns!$A$52:$A$300
Name Coverings_claddings_finishings: Material_classif_dropdowns!$D$25:$D$29
Name Crushed_aggregate: Material_classif_dropdowns!$AC$65:$AC$75
Name D_class: Material_classif_dropdowns!$AD$65:$AD$78
Name Damp_proofing: Material_classif_dropdowns!$AE$65:$AE$66
Name data_collection: Dropdowns!$E$5:$E$10
Name Database_seed_L2_match: 'Crossmatch material classific.'!$K$2:$K$491
Name Database_seed_L3_match: 'Crossmatch material classific.'!$L$2:$L$491

Sheet Readme
C3: BUD-MI Bottom-Up Data: Material Intensity
C4: This template aims to assist with the data collection of buildings' material intensity for bottom-up material stocks and flows analysis and associated research (e.g., embodied carbon, circularity potential, and more).
C5: To make full use of this template, please consult the following additional resources:
C6: (1) The scientific article "BUD-MI: a template that optimizes material intensity data collection and utilization" that describes the development and design of BUD-MI;
C7: (2) The BUD-MI repository on Github (see link below) that includes the newest version (and older ones) of BUD-MI, the User Guide, a tutorial video, and an example of a filled template. Updated versions of BUD-MI will be uploaded to the Github repository. The Github repository allows users to download the latest version of BUD-MI, suggest improvements, and track updates over time.
C8: (3) The Zenodo repository, which also includes the User Guide, the tutorial video, a pre-print of the abovementionned scientific article, and a link to the Github repository.
C10: BUD-MI template
C11: Developed by: | D11: Maud Lanau
C12: Version: | D12: 1.0.0
C13: Date: | D13: 13th May 2025
C14: Excel version: | D14: Microsoft® Excel® for Microsoft 365 MSO (Version 2406 Build 16.0.17726.20078) 64-bit
C15: Acknowledgements: | D15: Thank you to Martin Franssen Christiansson, Pak Yin Lee, David Sindelar, Helena Krantz, Danielle Abbey, Aaron Qiyu Liu, and Taz Lodder for their valuable feedback that improved both the relevance and the usability of BUD-MI. Thank you to all co-authors of the scientific publication (see below) for valuable discussions, insights, inputs, and for sharing relevant resources that contributed to this template.
C17: Scientific Publication
C18: Title: | D18: BUD-MI: a template that optimizes material intensity data collection and utilization.
C19: Authors: | D19: Lanau M*, Gillott C, Mikhelsen W, Zamora K, Berrill P, Heeren N, Schiller G, Mao R, Arora M, Gruhler K, Tanikawa H, Liu G, Densley Tingley D.
C20: Authors' affiliations: | D20: *ML: Department of Architecture and Civil Engineering, Chalmers University of Technology, Gothenburg, Sweden CG, WM, DDT: Department of Civil and Structural Engineering, The University of Sheffield, Sheffield, United Kingdom GL: College of Urban and Environmental Sciences, Peking University, Beijing 100871, China GS: Leibniz Institute of Ecological Urban and Regional Development, Dresden, Germany HT: Graduate School of Environmental Studies, Nagoya University, Japan KZ: Construction Management Department, College of Architecture and the Built Environment, Thomas Jefferson University, Philadelphia, PA, US MA: Net Zero Centre, Department of Engineering, King's College London, United Kingdom NH: City of Zurich, Environmental Construction Group, Switzerland PB: Institute of Environmental Sciences (CML), Leiden University, The Netherlands RM: Department of Environmental and Resource Engineering, Technical University of Denmark, 2800 Lyngby, Denmark WM: WSP UK Limited, United Kingdom
C21: Journal: | D21: TBC
C22: Year: | D22: 2025
C23: DOI: | D23: 10.5281/zenodo.12722009
C24: Link: | D24: https://doi.org/10.5281/zenodo.12722009
C25: Reference: | D25: Lanau, M., Gillott, C., Mihkelson, W., Zamora, K., Berrill, P., Heeren, N., Schiller, G., Mao, R., Arora, M., Gruhler, K., Liu, G., Tanikawa, H., & Densley Tingley, D. (2025). BUD-MI: a template that optimizes material intensity data collection, calculation, and utilization. Zenodo. https://doi.org/10.5281/zenodo.12722010
C27: Repositories
C28: Github Repository | D28: https://zenodo.org/communities/budmi
C29: Zenodo Repository | D29: https://zenodo.org/communities/budmi
C30: Preprint DOI | D30: https://doi.org/10.5281/zenodo.12722009
C32: Terms of Use
C33: The following terms of use for BUD-MI must be abided by: (1) BUD-MI may be used freely in any research projects, as long as the full reference is provided (see 'Reference format' above). (2) The disclaimer below shall be adhered to.
C35: Disclaimer
C36: (1) While diligent efforts have been made to ensure the accuracy of the information contained in BUD-MI, its content remains subject to modification and the authors and affiliated organisations cannot assure its accuracy nor its currency. The right to alter the information without prior notice is reserved. (2) The information contained in BUD-MI is provided without any representation or warranty as to accuracy, currency, quality or fitness for purpose of any kind. While diligently compiled and processed to the best knowledge and ability of the authors, any information contained in BUD-MI should be independently verified before relying on it. Calculations involve assumptions which may affect result certainty. Users should acknowledge the limitations of the data and consider potential consequences of using the data for their specific purpose. The authors and their institutions cannot accept any liability for loss or damage, incurred costs or other results or consequences which may occur as a result of using BUD-MI. (3) Furthermore, BUD-MI provides links to other tools or resources for the convenience of users. The inclusion of these links does not imply endorsement or responsibility for the content, accuracy, or functionality of the linked tools. Users acknowledge that they access these links at their own risk and discretion. The authors of BUD-MI cannot accept any liability for loss or damage, incured costs or other results or consequences which may occur as a results of using the linked tools or resources. (4) The authors of BUD-MI shall not be held responsible for any damages, losses, or consequences arising from the use of BUD-MI and its information, including but not limited to financial loss, business interruption, or any indirect, incidental, or consequential damages. Users are advised to exercise caution and discretion when interpreting and utilizing the data for decision-making purposes. (5) The use of BUD-MI is at the user's own risk, and the authors disclaim any warranties, express or implied, regarding the accuracy, reliability, or suitability of the tool for any particular purpose. By using BUD-MI, users agree to hold harmless the authors and their affiliated organization from any claims, liabilities, or damages arising from such use.

Sheet Content
D3: TABLE OF CONTENT | H3: GOOD TO KNOW
D4: Readme | H4: • Protection and password
D5: Content and Good-to-know | H5: The spreadsheet is protected to avoid mistakenly changing formulas.
D6: Data input | H6: However, there is no password: the protection can easily be removed if needed (e.g., to change the template).
D7: Building Information | H7: To remove the protection, go to: Review > Unprotect Sheet
D8: Scope & Data
D9: Bill of Material | H9: • Help/hint text
D10: Mini tools | H10: Where the annotation ⍰ appears, more information is available as a pop-up and/or in the User Guide.
D11: Search materials
D12: Rules of thumb | H12: • Color coding in the template
D13: Results | H13: Yellow | I13: Searchable dropdown lists.
D14: Result summary | I14: Search and select the most relevant option.
D15: Settings for bespoke MI format | H15: Grey | I15: Automatic calculation.
D16: Bespoke MI format - results | I16: Overriding the formula may impact the functionalities of BUD-MI.
D17: Results - Open MI DB | H17: White or | I17: Manual entry field.
D18: Background data | H18: Light blue | I18: Manually insert relevant value or comment.
D19: Dropdowns
D20: Material_classif_dropdowns
D21: Densities
D22: Crossmatch material classific.
D23: References

Sheet Building information
D3: BUILDING: GENERAL INFORMATION
D4: Fill in the fields below to the extent possible. Fields in marine blue are mandatory.
C6: ⍰ | D6: • Building location
D7: BUILDING CODE (if anonymisation) | E7: W_Steel_1970_1
D8: CONTEXT | E8: Urban
D9: CITY | E9: Sheffield
D10: REGION | E10: South Yorkshire
D11: COUNTRY | E11: United Kingdom of Great Britain and Northern Ireland (the)
D12: WORLD SUB-REGION | E12: =IF(E11="","",VLOOKUP(E11,Countries,2,FALSE)) -> Northern Europe
D13: WORLD REGION | E13: =IF(E12="","",VLOOKUP(E11,Countries,3,FALSE)) -> Europe
C15: ⍰ | D15: • Archetypical information
D16: International
D17: USE (predominant) | E17: Warehouse
D18: STRUCTURAL (predominant) | E18: Steel frame (in-situ floor)
D19: NUMBER OF STOREYS (aboveground) | E19: 0-3
C21: ⍰ | D21: Bespoke (create your own archetype classification)
D22: Use (UK classification) | E22: Storage/Warehousing
D23: Construction year (decade) | E23: 1970
D24: Structure | E24: Steel
C26: ⍰ | D26: • Building project information
C27: ⍰ | D27: NATURE OF WORK | E27: New build
D28: YEAR OF CONSTRUCTION | E28: 1973
C29: ⍰ | D29: Year(s) of renovation | E29: NA
C30: ⍰ | D30: Year(s) of extension | E30: NA
C31: ⍰ | D31: Shape complexity (on-plan) | E31: Square, rectangular or similar
D32: Shape complexity (vertical section) | E32: Square, rectangular or similar
C34: ⍰ | D34: • Building dimensions
C35: ⍰ | D35: Elevation & Section | G35: Plan-view
C36: ⍰ | D36: NUMBER OF STORIES (total) | E36: 2 | G36: PERIMETER (m) | H36: 70.6
D37: Aboveground | E37: 2 | F37: ⍰ | G37: BUILDING FOOTPRINT (m2) | H37: 298.2
D38: Underground | E38: 0 | F38: ⍰ | G38: Building footprint from above (m2) | H38: 298.2
C39: ⍰ | D39: AVERAGE STORY HEIGHT (m) | E39: 2.7 | F39: ⍰ | G39: GROSS EXTERNAL FLOOR AREA (m2) | H39: 386
C40: ⍰ | D40: AVERAGE FLOOR-TO-CEILING HEIGHT (m) | E40: 2.5 | F40: ⍰ | G40: GROSS INTERNAL FLOOR AREA (m2) | H40: 361
C41: ⍰ | D41: HEIGHT - to highest point of building (m) | E41: 6.5 | F41: ⍰ | G41: NET FLOOR AREA (m2) | H41: 357
C42: ⍰ | D42: HEIGHT - eaves (m) | E42: 5.2 | F42: ⍰ | G42: Useable area (m2) | H42: 337.5
C43: ⍰ | D43: EXTERNAL WALLS AREA (m2) | E43: 347 | F43: ⍰ | G43: Service area (m2) | H43: 13.4
C44: ⍰ | D44: GLAZING AREA (m2) | E44: 31 | F44: ⍰ | G44: Circulation area (m2) | H44: 6.1
D45: Volume | F45: ⍰ | G45: CONSTRUCTION AREA (m2) | H45: 29
C46: ⍰ | D46: GROSS VOLUME (m3) | E46: 1678 | F46: ⍰ | G46: FLOOR SPACES NOT ENCLOSED (m2) | H46: 0
C47: ⍰ | D47: GROSS VOLUME ABOVEGROUND (m3) | E47: 1678
C48: ⍰ | D48: NET VOLUME (m3) | E48: 1440
C50: ⍰ | D50: • Seen from outside
D51: EXTERNAL WALL TYPE (predominant) | E51: Metal
D52: ROOF TYPE | E52: Flat
D53: ROOF MATERIAL | E53: Asbestos cement (aka AC sheet)
D55: Specify below any visible external feature of the building.
C56: ⍰ | D56: Attached carport? | E56: No | F56: ⍰ | G56: Porch/veranda? | H56: No
C57: ⍰ | D57: Attic apartment? | E57: No | F57: ⍰ | G57: Skylight? | H57: No
C58: ⍰ | D58: Balcony(ies)? | E58: No | F58: ⍰ | G58: Solar panels? | H58: No
C59: ⍰ | D59: Basement? | E59: No | F59: ⍰ | G59: Vent pipes? | H59: Unknown
C60: ⍰ | D60: Chimney? | E60: No | F60: ⍰ | G60: Buttress? | H60: Unknown
C61: ⍰ | D61: Dormer window? | E61: No | G61: Other visible external feature? (specify below) | H61: No
C62: ⍰ | D62: Fire escape? | E62: No
C64: ⍰ | D64: • Building foundations
D65: TYPE | E65: Shallow
D66: Subtype (only for shallow foundation) | E66: Spread/strip/wall footings
C70: ⍰ | D70: For data completion in MI database
D72: Data description (unit) | E72: Value | F72: Data source (as proposed in Ref. 71)
D73: Distance from the equator (km) | E73: 5932.67 | F73: Distance calculator (distance.to)
D74: Area of land/country (km2) | E74: 243610 | F74: Country comparison (CIA.gov)
D75: Climate classification | E75: Cfb | F75: Köppen-Geiger climate classification, updated world map (Peel et al 2007)
D76: Heating degree days (Degree Kelvin and day [Kd]) | F76: Global degree days database (Kapsarc)
D77: • Beginning of construction period | F77: Use sheet 'T2m.hdd.18C' and divide by four to obtain daily values
D78: • End of construction period | F78: Use sheet 'T2m.hdd.18C' and divide by four to obtain daily values
D79: Cooling degree days (Degree Kelvin and day [Kd]) | F79: Global degree days database (Kapsarc)
D80: • Beginning of construction period | F80: Use sheet 'T2m.cdd.18C' and divide by four to obtain daily values
D81: • End of construction period | F81: Use sheet 'T2m.cdd.18C' and divide by four to obtain daily values
D82: Region's population (person) | F82: Maddison project database (University of Groningen)
D83: • Beginning of construction period | E83: 56210000
D84: • End of construction period | E84: 56210000
D85: Urbanization rate of the country (rate) | F85: World Urbanization Prospects 2018 (UN)
D86: • Beginning of construction period
D87: • End of construction period
D88: Real GDP of the country (2011 US$) | F88: Maddison project database (University of Groningen)
D89: • Beginning of construction period | E89: 18795
D90: • End of construction period | E90: 18795
D91: HDI of the country (index) | F91: Human Development Insights (UN Development Programme)
D92: • Beginning of construction period
D93: • End of construction period

Sheet Scope & Data
C3: ⍰ | D3: SCOPE of STUDY
D4: • Materials under investigation
C5: ⍰ | D5: All building material | E5: 1
D6: NOTE: "All building materials" (above) is set as default and thus marked with a "1".
D7: If the study focuses on specific materials, delete the "1" above, and tag those specific materials with "1" in the table below.
D8: Bio-based | H8: Other construction minerals | L8: Other materials
D9: Wood | H9: Adobe | L9: Carpet
D10: Paper/Cardboard | H10: Asphalt | L10: Ceramics
D11: Straw | H11: Bitumen | L11: Glass
D12: Metals | H12: Brick | L12: Linoleum
D13: Steel | H13: Cement asbestos sheet | L13: Mineral Wool
D14: Copper | H14: Clay | L14: Plastics
D15: Aluminum | H15: Mineral fill | L15: Polystyrene
D16: Other metals | H16: Mortar/Plaster | L16: PVC
D17: Concrete, cement and aggregate | H17: Natural Stone | L17: Woodwool insulation (heraklith)
D18: Concrete | H18: Plasterboards/gypsum | L18: Other insulation
D19: Cement | H19: Siding (unspecified material) | L19: Other (specify in the cell below)
D20: Aggregate (gravel, sand, slag)
D22: • Parts of the building
D23: Tag the building shearing layers included in the study with "1" in the table below. | H23: Tag the vertical parts of the structure included in the study with "1" in the table below.
C24: ⍰ | D24: SHEARING LAYERS | G24: ⍰ | H24: VERTICAL SCOPE
D25: Structure | E25: 1 | H25: Superstructure | I25: 1
D26: Skin | E26: 1 | H26: Substructure | I26: 1
D27: Space | E27: 1 | H27: Foundations' compact layers included
C29: ⍰ | D29: DATA COLLECTION
D30: Mark relevant information with a 1 in the cell to its right
C31: ⍰ | D31: DATA SOURCES | G31: ⍰ | H31: CATEGORY OF BUILDING DATA
D32: BIM data | H32: Architectural data | I32: 1
D33: Construction documents (e.g., plans, specs) | E33: 1 | H33: Structural data
D34: Digital off-site survey | E34: 1 | G34: ⍰ | H34: MEP data
D35: Digital on-site survey
D36: Manual on-site survey - destructive
D37: Manual on-site survey - non-destructive
D38: Demolition permit
D39: Waste management plan prior to demolition
D40: Materials delivery records
D41: Readily available BoM
D42: Other (specify in the cell below)
C45: ⍰ | D45: STATUS of ANALYSIS & PROCESS TRACKING
D46: Main analysis conducted by | E46: PYL
D47: Start date | E47: 44736
D48: Status | E48: Reviewed
D49: By (name) | E49: ML
D50: Date | E50: 44757
D51: Status | E51: Other (please specify)
D52: By (name) | E52: ML - transferred to BUD-MI_v1.0.0
D53: Date | E53: 45973
D54: Status
D55: By (name)
D56: Date
D57: Status
D58: By (name)
D59: Date
D60: Status
D61: By (name)
D62: Date

Sheet Bill of material
A2: ⍰ | B2: DATA COLLECTION
B3: Item description ⍰ | H3: Calculation of item dimension ⍰ | V3: Item's material ⍰ | AC3: Item's weight and volume ⍰
B4: Item ⍰ | C4: Description ⍰ | D4: Comments/assumptions ⍰ | E4: Super/Sub | F4: Building element | G4: Shearing layer | H4: Calculation method ⍰ | J4: Quantity | K4: Length | L4: Height | M4: Thickness | N4: Area | O4: Cross-section | P4: Volume | Q4: Mass | R4: Rule of thumb ⍰ | T4: Item's dimension ⍰ | V4: Material category ⍰ | AA4: Density ⍰ | AC4: Weight | AD4: Volumic density | AE4: Volume | AF4: Material type ⍰
B5: e.g., "Foundation footing", "External door", "Floor slab", "Roof cover", … | C5: e.g., "Foundation: concrete", "Foundation: reinforcement", "Window: frame", "Window: glass", … | D5: e.g., "thickness assumed as 215mm"; "unspecified material: assumed timber" | E5: ⍰ | F5: ⍰ | G5: ⍰ | H5: Target dimension | I5: Calculation method | J5: Q [#] | K5: L [m] | L5: H [m] | M5: T [m] | N5: A [m2] | O5: CS [m2] | P5: V [m3] | Q5: M [kg] | R5: RoT value ⍰ | S5: Reference quantity ⍰ | T5: Result | U5: Unit | V5: Level 1 | W5: Level 2 | X5: Level 3 | Y5: Level 4 | Z5: Other material? ⍰ (specify) | AA5: Value | AB5: Unit | AC5: (kg) | AD5: (kg/m3) | AE5: (m3) | AF5: Used for result summary
B6: Reinforced concrete pad foundations 1.8X1.8 - concrete | E6: Sub | F6: Foundations | G6: Structure | H6: Volume | I6: V = L x H x T | J6: 6 | K6: 1.8 | L6: 1.8 | M6: 0.3 | T6: {=_xlfn.IFS(I6="L = L",J6*K6,I6="L = RoT",J6*R6*S6,I6="A = L x H",J6*K6*L6,I6="A = CS",J6*O6,I6="A = A",J6*N6,I6="A = RoT",J6*R6*S6,I6="V = L x H x T",J6*K6*L6*M6,I6="V = L x CS",J6*K6*O6,I6="V = T x A",J6*M6*N6,I6="V = V",J6*P6,I6="V = RoT",J6*R6*S6,I6="M = M",J6*Q6,I6="M = RoT",J6*R6*S6,I6="","")} -> 5.832 | U6: {=_xlfn.IFNA(_xlfn.IFS($H6="length","m",$H6="area","m2",$H6="volume","m3",$H6="mass","kg",$H6="",""),"problem")} -> m3 | V6: In situ cementitious | W6: Concrete in situ | X6: Concrete in situ general | Y6: Concrete in situ general | AA6: {=_xlfn.IFNA(_xlfn.IFS($H6="Length",VLOOKUP($Y6,Densities,3,FALSE),$H6="area",VLOOKUP($Y6,Densities,4,FALSE),$H6="volume",VLOOKUP($Y6,Densities,5,FALSE),$H6="mass",1,$H6="",""),"enter density manually")} -> 2400 | AB6: {=_xlfn.IFNA(_xlfn.IFS($H6="length","kg/m",$H6="area","kg/m2",$H6="volume","kg/m3",$H6="mass","kg/kg",$H6="",""),"problem")} -> kg/m3 | AC6: =IF($T6="","",$T6*$AA6) -> 13996.8 | AD6: =IF($Y6="","",IFERROR(_xlfn.IFNA(IF($H6="volume",$AA6,VLOOKUP($Y6,Densities,5,FALSE)),"enter volumic density manually"),"enter volumic density manually")) -> 2400 | AE6: =IF($Y6="","",IF($AC6="","",$AC6/$AD6)) -> 5.832 | AF6: =_xlfn.IFNA(IF($Y6="","",VLOOKUP($Y6,_xlfn.CHOOSECOLS(Material_categories,4,9),2,FALSE)),"Assign material to its type in tab 'Matching of material categories'") -> Concrete and cementitious
B7: Reinforced concrete pad foundations 1.8X1.8 - reinforcement | D7: Rule of thumb | E7: Sub | F7: Foundations | G7: Structure | H7: Mass | I7: M = RoT | J7: 1 | R7: 80 | S7: 5.832 | T7: {=_xlfn.IFS(I7="L = L",J7*K7,I7="L = RoT",J7*R7*S7,I7="A = L x H",J7*K7*L7,I7="A = CS",J7*O7,I7="A = A",J7*N7,I7="A = RoT",J7*R7*S7,I7="V = L x H x T",J7*K7*L7*M7,I7="V = L x CS",J7*K7*O7,I7="V = T x A",J7*M7*N7,I7="V = V",J7*P7,I7="V = RoT",J7*R7*S7,I7="M = M",J7*Q7,I7="M = RoT",J7*R7*S7,I7="","")} -> 466.56 | U7: {=_xlfn.IFNA(_xlfn.IFS($H7="length","m",$H7="area","m2",$H7="volume","m3",$H7="mass","kg",$H7="",""),"problem")} -> kg | V7: Steel and metals | W7: Steel framing and reinforcement | X7: Reinforcement in concrete | Y7: Rebar | AA7: {=_xlfn.IFNA(_xlfn.IFS($H7="Length",VLOOKUP($Y7,Densities,3,FALSE),$H7="area",VLOOKUP($Y7,Densities,4,FALSE),$H7="volume",VLOOKUP($Y7,Densities,5,FALSE),$H7="mass",1,$H7="",""),"enter density manually")} -> 1 | AB7: {=_xlfn.IFNA(_xlfn.IFS($H7="length","kg/m",$H7="area","kg/m2",$H7="volume","kg/m3",$H7="mass","kg/kg",$H7="",""),"problem")} -> kg/kg | AC7: =IF($T7="","",$T7*$AA7) -> 466.56 | AD7: =IF($Y7="","",IFERROR(_xlfn.IFNA(IF($H7="volume",$AA7,VLOOKUP($Y7,Densities,5,FALSE)),"enter volumic density manually"),"enter volumic density manually")) -> 7800 | AE7: =IF($Y7="","",IF($AC7="","",$AC7/$AD7)) -> 0.059815385 | AF7: =_xlfn.IFNA(IF($Y7="","",VLOOKUP($Y7,_xlfn.CHOOSECOLS(Material_categories,4,9),2,FALSE)),"Assign material to its type in tab 'Matching of material categories'") -> Metal - steel
B8: Reinforced concrete pad foundations 2.4X2.4 - concrete | E8: Sub | F8: Foundations | G8: Structure | H8: Volume | I8: V = L x H x T | J8: 8 | K8: 2.4 | L8: 2.4 | M8: 0.3 | T8: {=_xlfn.IFS(I8="L = L",J8*K8,I8="L = RoT",J8*R8*S8,I8="A = L x H",J8*K8*L8,I8="A = CS",J8*O8,I8="A = A",J8*N8,I8="A = RoT",J8*R8*S8,I8="V = L x H x T",J8*K8*L8*M8,I8="V = L x CS",J8*K8*O8,I8="V = T x A",J8*M8*N8,I8="V = V",J8*P8,I8="V = RoT",J8*R8*S8,I8="M = M",J8*Q8,I8="M = RoT",J8*R8*S8,I8="","")} -> 13.824 | U8: {=_xlfn.IFNA(_xlfn.IFS($H8="length","m",$H8="area","m2",$H8="volume","m3",$H8="mass","kg",$H8="",""),"problem")} -> m3 | V8: In situ cementitious | W8: Concrete in situ | X8: Concrete in situ general | Y8: Concrete in situ general | AA8: {=_xlfn.IFNA(_xlfn.IFS($H8="Length",VLOOKUP($Y8,Densities,3,FALSE),$H8="area",VLOOKUP($Y8,Densities,4,FALSE),$H8="volume",VLOOKUP($Y8,Densities,5,FALSE),$H8="mass",1,$H8="",""),"enter density manually")} -> 2400 | AB8: {=_xlfn.IFNA(_xlfn.IFS($H8="length","kg/m",$H8="area","kg/m2",$H8="volume","kg/m3",$H8="mass","kg/kg",$H8="",""),"problem")} -> kg/m3 | AC8: =IF($T8="","",$T8*$AA8) -> 33177.6 | AD8: =IF($Y8="","",IFERROR(_xlfn.IFNA(IF($H8="volume",$AA8,VLOOKUP($Y8,Densities,5,FALSE)),"enter volumic density manually"),"enter volumic density manually")) -> 2400 | AE8: =IF($Y8="","",IF($AC8="","",$AC8/$AD8)) -> 13.824 | AF8: =_xlfn.IFNA(IF($Y8="","",VLOOKUP($Y8,_xlfn.CHOOSECOLS(Material_categories,4,9),2,FALSE)),"Assign material to its type in tab 'Matching of material categories'") -> Concrete and cementitious
B9: Reinforced concrete pad foundations 2.4X2.4 - reinforcement | C9: Reinforcement | D9: Rule of thumb | E9: Sub | F9: Foundations | G9: Structure | H9: Mass | I9: M = RoT | J9: 1 | R9: 80 | S9: 13.824 | T9: {=_xlfn.IFS(I9="L = L",J9*K9,I9="L = RoT",J9*R9*S9,I9="A = L x H",J9*K9*L9,I9="A = CS",J9*O9,I9="A = A",J9*N9,I9="A = RoT",J9*R9*S9,I9="V = L x H x T",J9*K9*L9*M9,I9="V = L x CS",J9*K9*O9,I9="V = T x A",J9*M9*N9,I9="V = V",J9*P9,I9="V = RoT",J9*R9*S9,I9="M = M",J9*Q9,I9="M = RoT",J9*R9*S9,I9="","")} -> 1105.92 | U9: {=_xlfn.IFNA(_xlfn.IFS($H9="length","m",$H9="area","m2",$H9="volume","m3",$H9="mass","kg",$H9="",""),"problem")} -> kg | V9: In situ cementitious | W9: Concrete in situ | X9: Concrete in situ general | Y9: Concrete in situ general | AA9: {=_xlfn.IFNA(_xlfn.IFS($H9="Length",VLOOKUP($Y9,Densities,3,FALSE),$H9="area",VLOOKUP($Y9,Densities,4,FALSE),$H9="volume",VLOOKUP($Y9,Densities,5,FALSE),$H9="mass",1,$H9="",""),"enter density manually")} -> 1 | AB9: {=_xlfn.IFNA(_xlfn.IFS($H9="length","kg/m",$H9="area","kg/m2",$H9="volume","kg/m3",$H9="mass","kg/kg",$H9="",""),"problem")} -> kg/kg | AC9: =IF($T9="","",$T9*$AA9) -> 1105.92 | AD9: =IF($Y9="","",IFERROR(_xlfn.IFNA(IF($H9="volume",$AA9,VLOOKUP($Y9,Densities,5,FALSE)),"enter volumic density manually"),"enter volumic density manually")) -> 2400 | AE9: =IF($Y9="","",IF($AC9="","",$AC9/$AD9)) -> 0.4608 | AF9: =_xlfn.IFNA(IF($Y9="","",VLOOKUP($Y9,_xlfn.CHOOSECOLS(Material_categories,4,9),2,FALSE)),"Assign material to its type in tab 'Matching of material categories'") -> Concrete and cementitious
B10: Reinforced concrete perimeter edge beam - concrete | E10: Sub | F10: Foundations | G10: Structure | H10: Volume | I10: V = L x CS | J10: 1 | K10: 70.6 | O10: 0.09 | T10: {=_xlfn.IFS(I10="L = L",J10*K10,I10="L = RoT",J10*R10*S10,I10="A = L x H",J10*K10*L10,I10="A = CS",J10*O10,I10="A = A",J10*N10,I10="A = RoT",J10*R10*S10,I10="V = L x H x T",J10*K10*L10*M10,I10="V = L x CS",J10*K10*O10,I10="V = T x A",J10*M10*N10,I10="V = V",J10*P10,I10="V = RoT",J10*R10*S10,I10="M = M",J10*Q10,I10="M = RoT",J10*R10*S10,I10="","")} -> 6.354 | U10: {=_xlfn.IFNA(_xlfn.IFS($H10="length","m",$H10="area","m2",$H10="volume","m3",$H10="mass","kg",$H10="",""),"problem")} -> m3 | V10: In situ cementitious | W10: Concrete in situ | X10: Concrete in situ general | Y10: Concrete in situ general | AA10: {=_xlfn.IFNA(_xlfn.IFS($H10="Length",VLOOKUP($Y10,Densities,3,FALSE),$H10="area",VLOOKUP($Y10,Densities,4,FALSE),$H10="volume",VLOOKUP($Y10,Densities,5,FALSE),$H10="mass",1,$H10="",""),"enter density manually")} -> 2400 | AB10: {=_xlfn.IFNA(_xlfn.IFS($H10="length","kg/m",$H10="area","kg/m2",$H10="volume","kg/m3",$H10="mass","kg/kg",$H10="",""),"problem")} -> kg/m3 | AC10: =IF($T10="","",$T10*$AA10) -> 15249.6 | AD10: =IF($Y10="","",IFERROR(_xlfn.IFNA(IF($H10="volume",$AA10,VLOOKUP($Y10,Densities,5,FALSE)),"enter volumic density manually"),"enter volumic density manually")) -> 2400 | AE10: =IF($Y10="","",IF($AC10="","",$AC10/$AD10)) -> 6.354 | AF10: =_xlfn.IFNA(IF($Y10="","",VLOOKUP($Y10,_xlfn.CHOOSECOLS(Material_categories,4,9),2,FALSE)),"Assign material to its type in tab 'Matching of material categories'") -> Concrete and cementitious
B11: Reinforced concrete perimeter edge beam - reinforcement | C11: Reinforcement | D11: Rule of thumb | E11: Sub | F11: Foundations | G11: Structure | H11: Mass | I11: M = RoT | J11: 1 | R11: 255 | S11: 6.354 | T11: {=_xlfn.IFS(I11="L = L",J11*K11,I11="L = RoT",J11*R11*S11,I11="A = L x H",J11*K11*L11,I11="A = CS",J11*O11,I11="A = A",J11*N11,I11="A = RoT",J11*R11*S11,I11="V = L x H x T",J11*K11*L11*M11,I11="V = L x CS",J11*K11*O11,I11="V = T x A",J11*M11*N11,I11="V = V",J11*P11,I11="V = RoT",J11*R11*S11,I11="M = M",J11*Q11,I11="M = RoT",J11*R11*S11,I11="","")} -> 1620.27 | U11: {=_xlfn.IFNA(_xlfn.IFS($H11="length","m",$H11="area","m2",$H11="volume","m3",$H11="mass","kg",$H11="",""),"problem")} -> kg | V11: In situ cementitious | W11: Concrete in situ | X11: Concrete in situ general | Y11: Concrete in situ general | AA11: {=_xlfn.IFNA(_xlfn.IFS($H11="Length",VLOOKUP($Y11,Densities,3,FALSE),$H11="area",VLOOKUP($Y11,Densities,4,FALSE),$H11="volume",VLOOKUP($Y11,Densities,5,FALSE),$H11="mass",1,$H11="",""),"enter density manually")} -> 1 | AB11: {=_xlfn.IFNA(_xlfn.IFS($H11="length","kg/m",$H11="area","kg/m2",$H11="volume","kg/m3",$H11="mass","kg/kg",$H11="",""),"problem")} -> kg/kg | AC11: =IF($T11="","",$T11*$AA11) -> 1620.27 | AD11: =IF($Y11="","",IFERROR(_xlfn.IFNA(IF($H11="volume",$AA11,VLOOKUP($Y11,Densities,5,FALSE)),"enter volumic density manually"),"enter volumic density manually")) -> 2400 | AE11: =IF($Y11="","",IF($AC11="","",$AC11/$AD11)) -> 0.6751125 | AF11: =_xlfn.IFNA(IF($Y11="","",VLOOKUP($Y11,_xlfn.CHOOSECOLS(Material_categories,4,9),2,FALSE)),"Assign material to its type in tab 'Matching of material categories'") -> Concrete and cementitious
B12: Reinforced concrete ground floor slab - concrete | E12: Sub | F12: Lowest floor | G12: Structure | H12: Volume | I12: V = T x A | J12: 1 | M12: 0.15 | N12: 298.2 | T12: {=_xlfn.IFS(I12="L = L",J12*K12,I12="L = RoT",J12*R12*S12,I12="A = L x H",J12*K12*L12,I12="A = CS",J12*O12,I12="A = A",J12*N12,I12="A = RoT",J12*R12*S12,I12="V = L x H x T",J12*K12*L12*M12,I12="V = L x CS",J12*K12*O12,I12="V = T x A",J12*M12*N12,I12="V = V",J12*P12,I12="V = RoT",J12*R12*S12,I12="M = M",J12*Q12,I12="M = RoT",J12*R12*S12,I12="","")} -> 44.73 | U12: {=_xlfn.IFNA(_xlfn.IFS($H12="length","m",$H12="area","m2",$H12="volume","m3",$H12="mass","kg",$H12="",""),"problem")} -> m3 | V12: In situ cementitious | W12: Concrete in situ | X12: Concrete in situ general | Y12: Concrete in situ general | AA12: {=_xlfn.IFNA(_xlfn.IFS($H12="Length",VLOOKUP($Y12,Densities,3,FALSE),$H12="area",VLOOKUP($Y12,Densities,4,FALSE),$H12="volume",VLOOKUP($Y12,Densities,5,FALSE),$H12="mass",1,$H12="",""),"enter density manually")} -> 2400 | AB12: {=_xlfn.IFNA(_xlfn.IFS($H12="length","kg/m",$H12="area","kg/m2",$H12="volume","kg/m3",$H12="mass","kg/kg",$H12="",""),"problem")} -> kg/m3 | AC12: =IF($T12="","",$T12*$AA12) -> 107352 | AD12: =IF($Y12="","",IFERROR(_xlfn.IFNA(IF($H12="volume",$AA12,VLOOKUP($Y12,Densities,5,FALSE)),"enter volumic density manually"),"enter volumic density manually")) -> 2400 | AE12: =IF($Y12="","",IF($AC12="","",$AC12/$AD12)) -> 44.73 | AF12: =_xlfn.IFNA(IF($Y12="","",VLOOKUP($Y12,_xlfn.CHOOSECOLS(Material_categories,4,9),2,FALSE)),"Assign material to its type in tab 'Matching of material categories'") -> Concrete and cementitious
B13: Reinforced concrete ground floor slab - reinforcement | C13: Reinforcement | D13: Rule of thumb | E13: Sub | F13: Lowest floor | G13: Structure | H13: Mass | I13: M = RoT | J13: 1 | R13: 100 | S13: 44.73 | T13: {=_xlfn.IFS(I13="L = L",J13*K13,I13="L = RoT",J13*R13*S13,I13="A = L x H",J13*K13*L13,I13="A = CS",J13*O13,I13="A = A",J13*N13,I13="A = RoT",J13*R13*S13,I13="V = L x H x T",J13*K13*L13*M13,I13="V = L x CS",J13*K13*O13,I13="V = T x A",J13*M13*N13,I13="V = V",J13*P13,I13="V = RoT",J13*R13*S13,I13="M = M",J13*Q13,I13="M = RoT",J13*R13*S13,I13="","")} -> 4473 | U13: {=_xlfn.IFNA(_xlfn.IFS($H13="length","m",$H13="area","m2",$H13="volume","m3",$H13="mass","kg",$H13="",""),"problem")} -> kg | V13: In situ cementitious | W13: Concrete in situ | X13: Concrete in situ general | Y13: Concrete in situ general | AA13: {=_xlfn.IFNA(_xlfn.IFS($H13="Length",VLOOKUP($Y13,Densities,3,FALSE),$H13="area",VLOOKUP($Y13,Densities,4,FALSE),$H13="volume",VLOOKUP($Y13,Densities,5,FALSE),$H13="mass",1,$H13="",""),"enter density manually")} -> 1 | AB13: {=_xlfn.IFNA(_xlfn.IFS($H13="length","kg/m",$H13="area","kg/m2",$H13="volume","kg/m3",$H13="mass","kg/kg",$H13="",""),"problem")} -> kg/kg | AC13: =IF($T13="","",$T13*$AA13) -> 4473 | AD13: =IF($Y13="","",IFERROR(_xlfn.IFNA(IF($H13="volume",$AA13,VLOOKUP($Y13,Densities,5,FALSE)),"enter volumic density manually"),"enter volumic density manually")) -> 2400 | AE13: =IF($Y13="","",IF($AC13="","",$AC13/$AD13)) -> 1.86375 | AF13: =_xlfn.IFNA(IF($Y13="","",VLOOKUP($Y13,_xlfn.CHOOSECOLS(Material_categories,4,9),2,FALSE)),"Assign material to its type in tab 'Matching of material categories'") -> Concrete and cementitious
B14: Visqueen 1200 DP membrane under ground floor | C14: 1200 gauge DPM Membrane for Concrete Floors | D14: Thickness assumed 300μm | E14: Sub | F14: Lowest floor | G14: Structure | H14: Volume | I14: V = T x A | J14: 1 | M14: 0.0003 | N14: 298.2 | T14: {=_xlfn.IFS(I14="L = L",J14*K14,I14="L = RoT",J14*R14*S14,I14="A = L x H",J14*K14*L14,I14="A = CS",J14*O14,I14="A = A",J14*N14,I14="A = RoT",J14*R14*S14,I14="V = L x H x T",J14*K14*L14*M14,I14="V = L x CS",J14*K14*O14,I14="V = T x A",J14*M14*N14,I14="V = V",J14*P14,I14="V = RoT",J14*R14*S14,I14="M = M",J14*Q14,I14="M = RoT",J14*R14*S14,I14="","")} -> 0.08946 | U14: {=_xlfn.IFNA(_xlfn.IFS($H14="length","m",$H14="area","m2",$H14="volume","m3",$H14="mass","kg",$H14="",""),"problem")} -> m3 | V14: Weatherproofing and plastics | W14: Weatherproofing membranes | X14: Damp proofing | Y14: Damp proof membrane LDPE 0.3mm | AA14: {=_xlfn.IFNA(_xlfn.IFS($H14="Length",VLOOKUP($Y14,Densities,3,FALSE),$H14="area",VLOOKUP($Y14,Densities,4,FALSE),$H14="volume",VLOOKUP($Y14,Densities,5,FALSE),$H14="mass",1,$H14="",""),"enter density manually")} -> 939 | AB14: {=_xlfn.IFNA(_xlfn.IFS($H14="length","kg/m",$H14="area","kg/m2",$H14="volume","kg/m3",$H14="mass","kg/kg",$H14="",""),"problem")} -> kg/m3 | AC14: =IF($T14="","",$T14*$AA14) -> 84.00294 | AD14: =IF($Y14="","",IFERROR(_xlfn.IFNA(IF($H14="volume",$AA14,VLOOKUP($Y14,Densities,5,FALSE)),"enter volumic density manually"),"enter volumic density manually")) -> 939 | AE14: =IF($Y14="","",IF($AC14="","",$AC14/$AD14)) -> 0.08946 | AF14: =_xlfn.IFNA(IF($Y14="","",VLOOKUP($Y14,_xlfn.CHOOSECOLS(Material_categories,4,9),2,FALSE)),"Assign material to its type in tab 'Matching of material categories'") -> Plastics
B15: Hardcore base | C15: Aggregates | D15: Assumed 200mm hardcore base | E15: Sub | F15: Lowest floor | G15: Structure | H15: Volume | I15: V = T x A | J15: 1 | M15: 0.2 | N15: 298.2 | T15: {=_xlfn.IFS(I15="L = L",J15*K15,I15="L = RoT",J15*R15*S15,I15="A = L x H",J15*K15*L15,I15="A = CS",J15*O15,I15="A = A",J15*N15,I15="A = RoT",J15*R15*S15,I15="V = L x H x T",J15*K15*L15*M15,I15="V = L x CS",J15*K15*O15,I15="V = T x A",J15*M15*N15,I15="V = V",J15*P15,I15="V = RoT",J15*R15*S15,I15="M = M",J15*Q15,I15="M = RoT",J15*R15*S15,I15="","")} -> 59.64 | U15: {=_xlfn.IFNA(_xlfn.IFS($H15="length","m",$H15="area","m2",$H15="volume","m3",$H15="mass","kg",$H15="",""),"problem")} -> m3 | V15: Aggregates sand stones | W15: Aggregates | X15: Aggregates general | Y15: Aggregates and sand general | AA15: {=_xlfn.IFNA(_xlfn.IFS($H15="Length",VLOOKUP($Y15,Densities,3,FALSE),$H15="area",VLOOKUP($Y15,Densities,4,FALSE),$H15="volume",VLOOKUP($Y15,Densities,5,FALSE),$H15="mass",1,$H15="",""),"enter density manually")} -> 1669 | AB15: {=_xlfn.IFNA(_xlfn.IFS($H15="length","kg/m",$H15="area","kg/m2",$H15="volume","kg/m3",$H15="mass","kg/kg",$H15="",""),"problem")} -> kg/m3 | AC15: =IF($T15="","",$T15*$AA15) -> 99539.16 | AD15: =IF($Y15="","",IFERROR(_xlfn.IFNA(IF($H15="volume",$AA15,VLOOKUP($Y15,Densities,5,FALSE)),"enter volumic density manually"),"enter volumic density manually")) -> 1669 | AE15: =IF($Y15="","",IF($AC15="","",$AC15/$AD15)) -> 59.64 | AF15: =_xlfn.IFNA(IF($Y15="","",VLOOKUP($Y15,_xlfn.CHOOSECOLS(Material_categories,4,9),2,FALSE)),"Assign material to its type in tab 'Matching of material categories'") -> Aggregates, sand, stones
B16: External walls: brick facing outer skin | D16: Assumed 125mm; Wall area is excluding door and window area | E16: Super | F16: External walls | G16: Skin | H16: Volume | I16: V = T x A | J16: 1 | M16: 0.125 | N16: 312.52 | T16: {=_xlfn.IFS(I16="L = L",J16*K16,I16="L = RoT",J16*R16*S16,I16="A = L x H",J16*K16*L16,I16="A = CS",J16*O16,I16="A = A",J16*N16,I16="A = RoT",J16*R16*S16,I16="V = L x H x T",J16*K16*L16*M16,I16="V = L x CS",J16*K16*O16,I16="V = T x A",J16*M16*N16,I16="V = V",J16*P16,I16="V = RoT",J16*R16*S16,I16="M = M",J16*Q16,I16="M = RoT",J16*R16*S16,I16="","")} -> 39.065 | U16: {=_xlfn.IFNA(_xlfn.IFS($H16="length","m",$H16="area","m2",$H16="volume","m3",$H16="mass","kg",$H16="",""),"problem")} -> m3 | V16: Blocks bricks and precast products | W16: Solid brick | X16: Clay brick | Y16: Brick unit | AA16: {=_xlfn.IFNA(_xlfn.IFS($H16="Length",VLOOKUP($Y16,Densities,3,FALSE),$H16="area",VLOOKUP($Y16,Densities,4,FALSE),$H16="volume",VLOOKUP($Y16,Densities,5,FALSE),$H16="mass",1,$H16="",""),"enter density manually")} -> 1650 | AB16: {=_xlfn.IFNA(_xlfn.IFS($H16="length","kg/m",$H16="area","kg/m2",$H16="volume","kg/m3",$H16="mass","kg/kg",$H16="",""),"problem")} -> kg/m3 | AC16: =IF($T16="","",$T16*$AA16) -> 64457.25 | AD16: =IF($Y16="","",IFERROR(_xlfn.IFNA(IF($H16="volume",$AA16,VLOOKUP($Y16,Densities,5,FALSE)),"enter volumic density manually"),"enter volumic density manually")) -> 1650 | AE16: =IF($Y16="","",IF($AC16="","",$AC16/$AD16)) -> 39.065 | AF16: =_xlfn.IFNA(IF($Y16="","",VLOOKUP($Y16,_xlfn.CHOOSECOLS(Material_categories,4,9),2,FALSE)),"Assign material to its type in tab 'Matching of material categories'") -> Bricks and ceramics
B17: External walls: grey concrete inner skin | D17: Assumed 125mm; Wall area is excluding door and window area | E17: Super | F17: External walls | G17: Skin | H17: Volume | I17: V = T x A | J17: 1 | M17: 0.125 | N17: 312.52 | T17: {=_xlfn.IFS(I17="L = L",J17*K17,I17="L = RoT",J17*R17*S17,I17="A = L x H",J17*K17*L17,I17="A = CS",J17*O17,I17="A = A",J17*N17,I17="A = RoT",J17*R17*S17,I17="V = L x H x T",J17*K17*L17*M17,I17="V = L x CS",J17*K17*O17,I17="V = T x A",J17*M17*N17,I17="V = V",J17*P17,I17="V = RoT",J17*R17*S17,I17="M = M",J17*Q17,I17="M = RoT",J17*R17*S17,I17="","")} -> 39.065 | U17: {=_xlfn.IFNA(_xlfn.IFS($H17="length","m",$H17="area","m2",$H17="volume","m3",$H17="mass","kg",$H17="",""),"problem")} -> m3 | V17: Blocks bricks and precast products | W17: Hollow block | X17: Concrete | Y17: Normal weight | AA17: {=_xlfn.IFNA(_xlfn.IFS($H17="Length",VLOOKUP($Y17,Densities,3,FALSE),$H17="area",VLOOKUP($Y17,Densities,4,FALSE),$H17="volume",VLOOKUP($Y17,Densities,5,FALSE),$H17="mass",1,$H17="",""),"enter density manually")} -> 2000 | AB17: {=_xlfn.IFNA(_xlfn.IFS($H17="length","kg/m",$H17="area","kg/m2",$H17="volume","kg/m3",$H17="mass","kg/kg",$H17="",""),"problem")} -> kg/m3 | AC17: =IF($T17="","",$T17*$AA17) -> 78130 | AD17: =IF($Y17="","",IFERROR(_xlfn.IFNA(IF($H17="volume",$AA17,VLOOKUP($Y17,Densities,5,FALSE)),"enter volumic density manually"),"enter volumic density manually")) -> 2000 | AE17: =IF($Y17="","",IF($AC17="","",$AC17/$AD17)) -> 39.065 | AF17: =_xlfn.IFNA(IF($Y17="","",VLOOKUP($Y17,_xlfn.CHOOSECOLS(Material_categories,4,9),2,FALSE)),"Assign material to its type in tab 'Matching of material categories'") -> Concrete and cementitious
B18: Vertical expansion joints in 9.5 flexcell in 3 sides (apart north) @ 12m crs | C18: bitumen impregnated wood fibre board | E18: Super | F18: External walls | G18: Skin | H18: Volume | I18: V = L x H x T | J18: 4 | K18: 0.2875 | L18: 6.7 | M18: 0.0095 | T18: {=_xlfn.IFS(I18="L = L",J18*K18,I18="L = RoT",J18*R18*S18,I18="A = L x H",J18*K18*L18,I18="A = CS",J18*O18,I18="A = A",J18*N18,I18="A = RoT",J18*R18*S18,I18="V = L x H x T",J18*K18*L18*M18,I18="V = L x CS",J18*K18*O18,I18="V = T x A",J18*M18*N18,I18="V = V",J18*P18,I18="V = RoT",J18*R18*S18,I18="M = M",J18*Q18,I18="M = RoT",J18*R18*S18,I18="","")} -> 0.0731975 | U18: {=_xlfn.IFNA(_xlfn.IFS($H18="length","m",$H18="area","m2",$H18="volume","m3",$H18="mass","kg",$H18="",""),"problem")} -> m3 | V18: Timber and engineered timber | W18: Wood products | X18: Boards | Y18: Fiberboard | AA18: {=_xlfn.IFNA(_xlfn.IFS($H18="Length",VLOOKUP($Y18,Densities,3,FALSE),$H18="area",VLOOKUP($Y18,Densities,4,FALSE),$H18="volume",VLOOKUP($Y18,Densities,5,FALSE),$H18="mass",1,$H18="",""),"enter density manually")} -> 225 | AB18: {=_xlfn.IFNA(_xlfn.IFS($H18="length","kg/m",$H18="area","kg/m2",$H18="volume","kg/m3",$H18="mass","kg/kg",$H18="",""),"problem")} -> kg/m3 | AC18: =IF($T18="","",$T18*$AA18) -> 16.469437 | AD18: =IF($Y18="","",IFERROR(_xlfn.IFNA(IF($H18="volume",$AA18,VLOOKUP($Y18,Densities,5,FALSE)),"enter volumic density manually"),"enter volumic density manually")) -> 225 | AE18: =IF($Y18="","",IF($AC18="","",$AC18/$AD18)) -> 0.0731975 | AF18: =_xlfn.IFNA(IF($Y18="","",VLOOKUP($Y18,_xlfn.CHOOSECOLS(Material_categories,4,9),2,FALSE)),"Assign material to its type in tab 'Matching of material categories'") -> Bio-based
B19: Precast concrete coping | E19: Super | F19: External walls | G19: Skin | H19: Volume | I19: V = L x CS | J19: 1 | K19: 65.1 | O19: 0.015 | T19: {=_xlfn.IFS(I19="L = L",J19*K19,I19="L = RoT",J19*R19*S19,I19="A = L x H",J19*K19*L19,I19="A = CS",J19*O19,I19="A = A",J19*N19,I19="A = RoT",J19*R19*S19,I19="V = L x H x T",J19*K19*L19*M19,I19="V = L x CS",J19*K19*O19,I19="V = T x A",J19*M19*N19,I19="V = V",J19*P19,I19="V = RoT",J19*R19*S19,I19="M = M",J19*Q19,I19="M = RoT",J19*R19*S19,I19="","")} -> 0.9765 | U19: {=_xlfn.IFNA(_xlfn.IFS($H19="length","m",$H19="area","m2",$H19="volume","m3",$H19="mass","kg",$H19="",""),"problem")} -> m3 | V19: Blocks bricks and precast products | W19: Hollow block | X19: Concrete | Y19: Normal weight | AA19: {=_xlfn.IFNA(_xlfn.IFS($H19="Length",VLOOKUP($Y19,Densities,3,FALSE),$H19="area",VLOOKUP($Y19,Densities,4,FALSE),$H19="volume",VLOOKUP($Y19,Densities,5,FALSE),$H19="mass",1,$H19="",""),"enter density manually")} -> 2000 | AB19: {=_xlfn.IFNA(_xlfn.IFS($H19="length","kg/m",$H19="area","kg/m2",$H19="volume","kg/m3",$H19="mass","kg/kg",$H19="",""),"problem")} -> kg/m3 | AC19: =IF($T19="","",$T19*$AA19) -> 1953 | AD19: =IF($Y19="","",IFERROR(_xlfn.IFNA(IF($H19="volume",$AA19,VLOOKUP($Y19,Densities,5,FALSE)),"enter volumic density manually"),"enter volumic density manually")) -> 2000 | AE19: =IF($Y19="","",IF($AC19="","",$AC19/$AD19)) -> 0.9765 | AF19: =_xlfn.IFNA(IF($Y19="","",VLOOKUP($Y19,_xlfn.CHOOSECOLS(Material_categories,4,9),2,FALSE)),"Assign material to its type in tab 'Matching of material categories'") -> Concrete and cementitious
B20: Ground floor Showroom partition walls | E20: Super | F20: Internal walls | G20: Space | H20: Volume | I20: V = V | J20: 1 | P20: 2.59 | T20: {=_xlfn.IFS(I20="L = L",J20*K20,I20="L = RoT",J20*R20*S20,I20="A = L x H",J20*K20*L20,I20="A = CS",J20*O20,I20="A = A",J20*N20,I20="A = RoT",J20*R20*S20,I20="V = L x H x T",J20*K20*L20*M20,I20="V = L x CS",J20*K20*O20,I20="V = T x A",J20*M20*N20,I20="V = V",J20*P20,I20="V = RoT",J20*R20*S20,I20="M = M",J20*Q20,I20="M = RoT",J20*R20*S20,I20="","")} -> 2.59 | U20: {=_xlfn.IFNA(_xlfn.IFS($H20="length","m",$H20="area","m2",$H20="volume","m3",$H20="mass","kg",$H20="",""),"problem")} -> m3 | V20: Blocks bricks and precast products | W20: Solid brick | X20: Clay brick | Y20: Brick unit | AA20: {=_xlfn.IFNA(_xlfn.IFS($H20="Length",VLOOKUP($Y20,Densities,3,FALSE),$H20="area",VLOOKUP($Y20,Densities,4,FALSE),$H20="volume",VLOOKUP($Y20,Densities,5,FALSE),$H20="mass",1,$H20="",""),"enter density manually")} -> 1650 | AB20: {=_xlfn.IFNA(_xlfn.IFS($H20="length","kg/m",$H20="area","kg/m2",$H20="volume","kg/m3",$H20="mass","kg/kg",$H20="",""),"problem")} -> kg/m3 | AC20: =IF($T20="","",$T20*$AA20) -> 4273.5 | AD20: =IF($Y20="","",IFERROR(_xlfn.IFNA(IF($H20="volume",$AA20,VLOOKUP($Y20,Densities,5,FALSE)),"enter volumic density manually"),"enter volumic density manually")) -> 1650 | AE20: =IF($Y20="","",IF($AC20="","",$AC20/$AD20)) -> 2.59 | AF20: =_xlfn.IFNA(IF($Y20="","",VLOOKUP($Y20,_xlfn.CHOOSECOLS(Material_categories,4,9),2,FALSE)),"Assign material to its type in tab 'Matching of material categories'") -> Bricks and ceramics
B21: Ground floor office partition walls | E21: Super | F21: Internal walls | G21: Space | H21: Volume | I21: V = V | J21: 1 | P21: 0.99 | T21: {=_xlfn.IFS(I21="L = L",J21*K21,I21="L = RoT",J21*R21*S21,I21="A = L x H",J21*K21*L21,I21="A = CS",J21*O21,I21="A = A",J21*N21,I21="A = RoT",J21*R21*S21,I21="V = L x H x T",J21*K21*L21*M21,I21="V = L x CS",J21*K21*O21,I21="V = T x A",J21*M21*N21,I21="V = V",J21*P21,I21="V = RoT",J21*R21*S21,I21="M = M",J21*Q21,I21="M = RoT",J21*R21*S21,I21="","")} -> 0.99 | U21: {=_xlfn.IFNA(_xlfn.IFS($H21="length","m",$H21="area","m2",$H21="volume","m3",$H21="mass","kg",$H21="",""),"problem")} -> m3 | V21: Blocks bricks and precast products | W21: Solid brick | X21: Clay brick | Y21: Brick unit | AA21: {=_xlfn.IFNA(_xlfn.IFS($H21="Length",VLOOKUP($Y21,Densities,3,FALSE),$H21="area",VLOOKUP($Y21,Densities,4,FALSE),$H21="volume",VLOOKUP($Y21,Densities,5,FALSE),$H21="mass",1,$H21="",""),"enter density manually")} -> 1650 | AB21: {=_xlfn.IFNA(_xlfn.IFS($H21="length","kg/m",$H21="area","kg/m2",$H21="volume","kg/m3",$H21="mass","kg/kg",$H21="",""),"problem")} -> kg/m3 | AC21: =IF($T21="","",$T21*$AA21) -> 1633.5 | AD21: =IF($Y21="","",IFERROR(_xlfn.IFNA(IF($H21="volume",$AA21,VLOOKUP($Y21,Densities,5,FALSE)),"enter volumic density manually"),"enter volumic density manually")) -> 1650 | AE21: =IF($Y21="","",IF($AC21="","",$AC21/$AD21)) -> 0.99 | AF21: =_xlfn.IFNA(IF($Y21="","",VLOOKUP($Y21,_xlfn.CHOOSECOLS(Material_categories,4,9),2,FALSE)),"Assign material to its type in tab 'Matching of material categories'") -> Bricks and ceramics
B22: Ground floor spirit store partiton walls | E22: Super | F22: Internal walls | G22: Space | H22: Volume | I22: V = V | J22: 1 | P22: 6.97 | T22: {=_xlfn.IFS(I22="L = L",J22*K22,I22="L = RoT",J22*R22*S22,I22="A = L x H",J22*K22*L22,I22="A = CS",J22*O22,I22="A = A",J22*N22,I22="A = RoT",J22*R22*S22,I22="V = L x H x T",J22*K22*L22*M22,I22="V = L x CS",J22*K22*O22,I22="V = T x A",J22*M22*N22,I22="V = V",J22*P22,I22="V = RoT",J22*R22*S22,I22="M = M",J22*Q22,I22="M = RoT",J22*R22*S22,I22="","")} -> 6.97 | U22: {=_xlfn.IFNA(_xlfn.IFS($H22="length","m",$H22="area","m2",$H22="volume","m3",$H22="mass","kg",$H22="",""),"problem")} -> m3 | V22: Blocks bricks and precast products | W22: Solid brick | X22: Clay brick | Y22: Brick unit | AA22: {=_xlfn.IFNA(_xlfn.IFS($H22="Length",VLOOKUP($Y22,Densities,3,FALSE),$H22="area",VLOOKUP($Y22,Densities,4,FALSE),$H22="volume",VLOOKUP($Y22,Densities,5,FALSE),$H22="mass",1,$H22="",""),"enter density manually")} -> 1650 | AB22: {=_xlfn.IFNA(_xlfn.IFS($H22="length","kg/m",$H22="area","kg/m2",$H22="volume","kg/m3",$H22="mass","kg/kg",$H22="",""),"problem")} -> kg/m3 | AC22: =IF($T22="","",$T22*$AA22) -> 11500.5 | AD22: =IF($Y22="","",IFERROR(_xlfn.IFNA(IF($H22="volume",$AA22,VLOOKUP($Y22,Densities,5,FALSE)),"enter volumic density manually"),"enter volumic density manually")) -> 1650 | AE22: =IF($Y22="","",IF($AC22="","",$AC22/$AD22)) -> 6.97 | AF22: =_xlfn.IFNA(IF($Y22="","",VLOOKUP($Y22,_xlfn.CHOOSECOLS(Material_categories,4,9),2,FALSE)),"Assign material to its type in tab 'Matching of material categories'") -> Bricks and ceramics
B23: First floor partition walls for male & female toilets | E23: Super | F23: Internal walls | G23: Space | H23: Volume | I23: V = L x CS | J23: 1 | K23: 9.2 | O23: 0.0475 | T23: {=_xlfn.IFS(I23="L = L",J23*K23,I23="L = RoT",J23*R23*S23,I23="A = L x H",J23*K23*L23,I23="A = CS",J23*O23,I23="A = A",J23*N23,I23="A = RoT",J23*R23*S23,I23="V = L x H x T",J23*K23*L23*M23,I23="V = L x CS",J23*K23*O23,I23="V = T x A",J23*M23*N23,I23="V = V",J23*P23,I23="V = RoT",J23*R23*S23,I23="M = M",J23*Q23,I23="M = RoT",J23*R23*S23,I23="","")} -> 0.437 | U23: {=_xlfn.IFNA(_xlfn.IFS($H23="length","m",$H23="area","m2",$H23="volume","m3",$H23="mass","kg",$H23="",""),"problem")} -> m3 | V23: Coverings claddings finishings | W23: Internal walls | X23: Plasterboard | Y23: Gypsum hardboard | AA23: {=_xlfn.IFNA(_xlfn.IFS($H23="Length",VLOOKUP($Y23,Densities,3,FALSE),$H23="area",VLOOKUP($Y23,Densities,4,FALSE),$H23="volume",VLOOKUP($Y23,Densities,5,FALSE),$H23="mass",1,$H23="",""),"enter density manually")} -> 930 | AB23: {=_xlfn.IFNA(_xlfn.IFS($H23="length","kg/m",$H23="area","kg/m2",$H23="volume","kg/m3",$H23="mass","kg/kg",$H23="",""),"problem")} -> kg/m3 | AC23: =IF($T23="","",$T23*$AA23) -> 406.41 | AD23: =IF($Y23="","",IFERROR(_xlfn.IFNA(IF($H23="volume",$AA23,VLOOKUP($Y23,Densities,5,FALSE)),"enter volumic density manually"),"enter volumic density manually")) -> 930 | AE23: =IF($Y23="","",IF($AC23="","",$AC23/$AD23)) -> 0.437 | AF23: =_xlfn.IFNA(IF($Y23="","",VLOOKUP($Y23,_xlfn.CHOOSECOLS(Material_categories,4,9),2,FALSE)),"Assign material to its type in tab 'Matching of material categories'") -> Gypsum-based
B24: Studs for first floor partition walls | D24: Assumed 75X38mm studs | E24: Super | F24: Internal walls | G24: Space | H24: Volume | I24: V = L x CS | J24: 12 | K24: 2.5 | O24: 0.00285 | T24: {=_xlfn.IFS(I24="L = L",J24*K24,I24="L = RoT",J24*R24*S24,I24="A = L x H",J24*K24*L24,I24="A = CS",J24*O24,I24="A = A",J24*N24,I24="A = RoT",J24*R24*S24,I24="V = L x H x T",J24*K24*L24*M24,I24="V = L x CS",J24*K24*O24,I24="V = T x A",J24*M24*N24,I24="V = V",J24*P24,I24="V = RoT",J24*R24*S24,I24="M = M",J24*Q24,I24="M = RoT",J24*R24*S24,I24="","")} -> 0.0855 | U24: {=_xlfn.IFNA(_xlfn.IFS($H24="length","m",$H24="area","m2",$H24="volume","m3",$H24="mass","kg",$H24="",""),"problem")} -> m3 | V24: Timber and engineered timber | W24: Timber general | X24: Timber average value | Y24: Timber average | AA24: {=_xlfn.IFNA(_xlfn.IFS($H24="Length",VLOOKUP($Y24,Densities,3,FALSE),$H24="area",VLOOKUP($Y24,Densities,4,FALSE),$H24="volume",VLOOKUP($Y24,Densities,5,FALSE),$H24="mass",1,$H24="",""),"enter density manually")} -> 526 | AB24: {=_xlfn.IFNA(_xlfn.IFS($H24="length","kg/m",$H24="area","kg/m2",$H24="volume","kg/m3",$H24="mass","kg/kg",$H24="",""),"problem")} -> kg/m3 | AC24: =IF($T24="","",$T24*$AA24) -> 44.973 | AD24: =IF($Y24="","",IFERROR(_xlfn.IFNA(IF($H24="volume",$AA24,VLOOKUP($Y24,Densities,5,FALSE)),"enter volumic density manually"),"enter volumic density manually")) -> 526 | AE24: =IF($Y24="","",IF($AC24="","",$AC24/$AD24)) -> 0.0855 | AF24: =_xlfn.IFNA(IF($Y24="","",VLOOKUP($Y24,_xlfn.CHOOSECOLS(Material_categories,4,9),2,FALSE)),"Assign material to its type in tab 'Matching of material categories'") -> Bio-based
B25: Fiberglass insulation layer in first floor partition walls | E25: Super | F25: Internal walls | G25: Space | H25: Volume | I25: V = L x CS | J25: 1 | K25: 9.2 | O25: 0.1875 | T25: {=_xlfn.IFS(I25="L = L",J25*K25,I25="L = RoT",J25*R25*S25,I25="A = L x H",J25*K25*L25,I25="A = CS",J25*O25,I25="A = A",J25*N25,I25="A = RoT",J25*R25*S25,I25="V = L x H x T",J25*K25*L25*M25,I25="V = L x CS",J25*K25*O25,I25="V = T x A",J25*M25*N25,I25="V = V",J25*P25,I25="V = RoT",J25*R25*S25,I25="M = M",J25*Q25,I25="M = RoT",J25*R25*S25,I25="","")} -> 1.725 | U25: {=_xlfn.IFNA(_xlfn.IFS($H25="length","m",$H25="area","m2",$H25="volume","m3",$H25="mass","kg",$H25="",""),"problem")} -> m3 | V25: Insulation | W25: Board | X25: Mineral board insulation | Y25: Glasswool facade board | AA25: {=_xlfn.IFNA(_xlfn.IFS($H25="Length",VLOOKUP($Y25,Densities,3,FALSE),$H25="area",VLOOKUP($Y25,Densities,4,FALSE),$H25="volume",VLOOKUP($Y25,Densities,5,FALSE),$H25="mass",1,$H25="",""),"enter density manually")} -> 55 | AB25: {=_xlfn.IFNA(_xlfn.IFS($H25="length","kg/m",$H25="area","kg/m2",$H25="volume","kg/m3",$H25="mass","kg/kg",$H25="",""),"problem")} -> kg/m3 | AC25: =IF($T25="","",$T25*$AA25) -> 94.875 | AD25: =IF($Y25="","",IFERROR(_xlfn.IFNA(IF($H25="volume",$AA25,VLOOKUP($Y25,Densities,5,FALSE)),"enter volumic density manually"),"enter volumic density manually")) -> 55 | AE25: =IF($Y25="","",IF($AC25="","",$AC25/$AD25)) -> 1.725 | AF25: =_xlfn.IFNA(IF($Y25="","",VLOOKUP($Y25,_xlfn.CHOOSECOLS(Material_categories,4,9),2,FALSE)),"Assign material to its type in tab 'Matching of material categories'") -> Insulation wools
B26: Steel portal column | E26: Super | F26: Columns | G26: Structure | H26: Volume | I26: V = L x CS | J26: 6 | K26: 5.38 | O26: 0.05 | T26: {=_xlfn.IFS(I26="L = L",J26*K26,I26="L = RoT",J26*R26*S26,I26="A = L x H",J26*K26*L26,I26="A = CS",J26*O26,I26="A = A",J26*N26,I26="A = RoT",J26*R26*S26,I26="V = L x H x T",J26*K26*L26*M26,I26="V = L x CS",J26*K26*O26,I26="V = T x A",J26*M26*N26,I26="V = V",J26*P26,I26="V = RoT",J26*R26*S26,I26="M = M",J26*Q26,I26="M = RoT",J26*R26*S26,I26="","")} -> 1.614 | U26: {=_xlfn.IFNA(_xlfn.IFS($H26="length","m",$H26="area","m2",$H26="volume","m3",$H26="mass","kg",$H26="",""),"problem")} -> m3 | V26: Steel and metals | W26: Steel framing and reinforcement | X26: Steel sections | Y26: Section | AA26: {=_xlfn.IFNA(_xlfn.IFS($H26="Length",VLOOKUP($Y26,Densities,3,FALSE),$H26="area",VLOOKUP($Y26,Densities,4,FALSE),$H26="volume",VLOOKUP($Y26,Densities,5,FALSE),$H26="mass",1,$H26="",""),"enter density manually")} -> 7800 | AB26: {=_xlfn.IFNA(_xlfn.IFS($H26="length","kg/m",$H26="area","kg/m2",$H26="volume","kg/m3",$H26="mass","kg/kg",$H26="",""),"problem")} -> kg/m3 | AC26: =IF($T26="","",$T26*$AA26) -> 12589.2 | AD26: =IF($Y26="","",IFERROR(_xlfn.IFNA(IF($H26="volume",$AA26,VLOOKUP($Y26,Densities,5,FALSE)),"enter volumic density manually"),"enter volumic density manually")) -> 7800 | AE26: =IF($Y26="","",IF($AC26="","",$AC26/$AD26)) -> 1.614 | AF26: =_xlfn.IFNA(IF($Y26="","",VLOOKUP($Y26,_xlfn.CHOOSECOLS(Material_categories,4,9),2,FALSE)),"Assign material to its type in tab 'Matching of material categories'") -> Metal - steel
B27: 150mm brick wall cladding on columns | E27: Super | F27: Internal walls | G27: Space | H27: Volume | I27: V = V | J27: 14 | P27: 0.585 | T27: {=_xlfn.IFS(I27="L = L",J27*K27,I27="L = RoT",J27*R27*S27,I27="A = L x H",J27*K27*L27,I27="A = CS",J27*O27,I27="A = A",J27*N27,I27="A = RoT",J27*R27*S27,I27="V = L x H x T",J27*K27*L27*M27,I27="V = L x CS",J27*K27*O27,I27="V = T x A",J27*M27*N27,I27="V = V",J27*P27,I27="V = RoT",J27*R27*S27,I27="M = M",J27*Q27,I27="M = RoT",J27*R27*S27,I27="","")} -> 8.19 | U27: {=_xlfn.IFNA(_xlfn.IFS($H27="length","m",$H27="area","m2",$H27="volume","m3",$H27="mass","kg",$H27="",""),"problem")} -> m3 | V27: Blocks bricks and precast products | W27: Solid brick | X27: Clay brick | Y27: Brick unit | AA27: {=_xlfn.IFNA(_xlfn.IFS($H27="Length",VLOOKUP($Y27,Densities,3,FALSE),$H27="area",VLOOKUP($Y27,Densities,4,FALSE),$H27="volume",VLOOKUP($Y27,Densities,5,FALSE),$H27="mass",1,$H27="",""),"enter density manually")} -> 1650 | AB27: {=_xlfn.IFNA(_xlfn.IFS($H27="length","kg/m",$H27="area","kg/m2",$H27="volume","kg/m3",$H27="mass","kg/kg",$H27="",""),"problem")} -> kg/m3 | AC27: =IF($T27="","",$T27*$AA27) -> 13513.5 | AD27: =IF($Y27="","",IFERROR(_xlfn.IFNA(IF($H27="volume",$AA27,VLOOKUP($Y27,Densities,5,FALSE)),"enter volumic density manually"),"enter volumic density manually")) -> 1650 | AE27: =IF($Y27="","",IF($AC27="","",$AC27/$AD27)) -> 8.19 | AF27: =_xlfn.IFNA(IF($Y27="","",VLOOKUP($Y27,_xlfn.CHOOSECOLS(Material_categories,4,9),2,FALSE)),"Assign material to its type in tab 'Matching of material categories'") -> Bricks and ceramics
B28: Steel portal roof beam | E28: Super | F28: Beams | G28: Structure | H28: Volume | I28: V = L x CS | J28: 8 | K28: 10 | O28: 0.02 | T28: {=_xlfn.IFS(I28="L = L",J28*K28,I28="L = RoT",J28*R28*S28,I28="A = L x H",J28*K28*L28,I28="A = CS",J28*O28,I28="A = A",J28*N28,I28="A = RoT",J28*R28*S28,I28="V = L x H x T",J28*K28*L28*M28,I28="V = L x CS",J28*K28*O28,I28="V = T x A",J28*M28*N28,I28="V = V",J28*P28,I28="V = RoT",J28*R28*S28,I28="M = M",J28*Q28,I28="M = RoT",J28*R28*S28,I28="","")} -> 1.6 | U28: {=_xlfn.IFNA(_xlfn.IFS($H28="length","m",$H28="area","m2",$H28="volume","m3",$H28="mass","kg",$H28="",""),"problem")} -> m3 | V28: Steel and metals | W28: Steel framing and reinforcement | X28: Steel sections | Y28: Section | AA28: {=_xlfn.IFNA(_xlfn.IFS($H28="Length",VLOOKUP($Y28,Densities,3,FALSE),$H28="area",VLOOKUP($Y28,Densities,4,FALSE),$H28="volume",VLOOKUP($Y28,Densities,5,FALSE),$H28="mass",1,$H28="",""),"enter density manually")} -> 7800 | AB28: {=_xlfn.IFNA(_xlfn.IFS($H28="length","kg/m",$H28="area","kg/m2",$H28="volume","kg/m3",$H28="mass","kg/kg",$H28="",""),"problem")} -> kg/m3 | AC28: =IF($T28="","",$T28*$AA28) -> 12480 | AD28: =IF($Y28="","",IFERROR(_xlfn.IFNA(IF($H28="volume",$AA28,VLOOKUP($Y28,Densities,5,FALSE)),"enter volumic density manually"),"enter volumic density manually")) -> 7800 | AE28: =IF($Y28="","",IF($AC28="","",$AC28/$AD28)) -> 1.6 | AF28: =_xlfn.IFNA(IF($Y28="","",VLOOKUP($Y28,_xlfn.CHOOSECOLS(Material_categories,4,9),2,FALSE)),"Assign material to its type in tab 'Matching of material categories'") -> Metal - steel
B29: Asbestos cement roofing | C29: Asbestos sheets | D29: Assumed thickness: 10mm | E29: Super | F29: Roof | G29: Skin | H29: Volume | I29: V = T x A | J29: 1 | M29: 0.01 | N29: 281.008 | T29: {=_xlfn.IFS(I29="L = L",J29*K29,I29="L = RoT",J29*R29*S29,I29="A = L x H",J29*K29*L29,I29="A = CS",J29*O29,I29="A = A",J29*N29,I29="A = RoT",J29*R29*S29,I29="V = L x H x T",J29*K29*L29*M29,I29="V = L x CS",J29*K29*O29,I29="V = T x A",J29*M29*N29,I29="V = V",J29*P29,I29="V = RoT",J29*R29*S29,I29="M = M",J29*Q29,I29="M = RoT",J29*R29*S29,I29="","")} -> 2.81008 | U29: {=_xlfn.IFNA(_xlfn.IFS($H29="length","m",$H29="area","m2",$H29="volume","m3",$H29="mass","kg",$H29="",""),"problem")} -> m3 | V29: Coverings claddings finishings | W29: Roofing | X29: Roof sheet flat | Y29: Asbestos sheet flat | AA29: {=_xlfn.IFNA(_xlfn.IFS($H29="Length",VLOOKUP($Y29,Densities,3,FALSE),$H29="area",VLOOKUP($Y29,Densities,4,FALSE),$H29="volume",VLOOKUP($Y29,Densities,5,FALSE),$H29="mass",1,$H29="",""),"enter density manually")} -> 17 | AB29: {=_xlfn.IFNA(_xlfn.IFS($H29="length","kg/m",$H29="area","kg/m2",$H29="volume","kg/m3",$H29="mass","kg/kg",$H29="",""),"problem")} -> kg/m3 | AC29: =IF($T29="","",$T29*$AA29) -> 47.77136 | AD29: =IF($Y29="","",IFERROR(_xlfn.IFNA(IF($H29="volume",$AA29,VLOOKUP($Y29,Densities,5,FALSE)),"enter volumic density manually"),"enter volumic density manually")) -> 17 | AE29: =IF($Y29="","",IF($AC29="","",$AC29/$AD29)) -> 2.81008 | AF29: =_xlfn.IFNA(IF($Y29="","",VLOOKUP($Y29,_xlfn.CHOOSECOLS(Material_categories,4,9),2,FALSE)),"Assign material to its type in tab 'Matching of material categories'") -> Others n.e.c
B30: Insulation quilt | C30: 50mm thick | D30: Information found in the description | E30: Super | F30: Roof | G30: Skin | H30: Volume | I30: V = T x A | J30: 1 | M30: 0.05 | N30: 281.008 | T30: {=_xlfn.IFS(I30="L = L",J30*K30,I30="L = RoT",J30*R30*S30,I30="A = L x H",J30*K30*L30,I30="A = CS",J30*O30,I30="A = A",J30*N30,I30="A = RoT",J30*R30*S30,I30="V = L x H x T",J30*K30*L30*M30,I30="V = L x CS",J30*K30*O30,I30="V = T x A",J30*M30*N30,I30="V = V",J30*P30,I30="V = RoT",J30*R30*S30,I30="M = M",J30*Q30,I30="M = RoT",J30*R30*S30,I30="","")} -> 14.0504 | U30: {=_xlfn.IFNA(_xlfn.IFS($H30="length","m",$H30="area","m2",$H30="volume","m3",$H30="mass","kg",$H30="",""),"problem")} -> m3 | V30: Insulation | W30: Board | X30: Mineral board insulation | Y30: Stonewool facade board | AA30: {=_xlfn.IFNA(_xlfn.IFS($H30="Length",VLOOKUP($Y30,Densities,3,FALSE),$H30="area",VLOOKUP($Y30,Densities,4,FALSE),$H30="volume",VLOOKUP($Y30,Densities,5,FALSE),$H30="mass",1,$H30="",""),"enter density manually")} -> 80 | AB30: {=_xlfn.IFNA(_xlfn.IFS($H30="length","kg/m",$H30="area","kg/m2",$H30="volume","kg/m3",$H30="mass","kg/kg",$H30="",""),"problem")} -> kg/m3 | AC30: =IF($T30="","",$T30*$AA30) -> 1124.032 | AD30: =IF($Y30="","",IFERROR(_xlfn.IFNA(IF($H30="volume",$AA30,VLOOKUP($Y30,Densities,5,FALSE)),"enter volumic density manually"),"enter volumic density manually")) -> 80 | AE30: =IF($Y30="","",IF($AC30="","",$AC30/$AD30)) -> 14.0504 | AF30: =_xlfn.IFNA(IF($Y30="","",VLOOKUP($Y30,_xlfn.CHOOSECOLS(Material_categories,4,9),2,FALSE)),"Assign material to its type in tab 'Matching of material categories'") -> Insulation wools
B31: Foil backed plastic faced plasterboard | C31: 9.5mm thick | D31: Information found in the description | E31: Super | F31: Roof | G31: Skin | H31: Volume | I31: V = T x A | J31: 1 | M31: 0.0095 | N31: 281.008 | T31: {=_xlfn.IFS(I31="L = L",J31*K31,I31="L = RoT",J31*R31*S31,I31="A = L x H",J31*K31*L31,I31="A = CS",J31*O31,I31="A = A",J31*N31,I31="A = RoT",J31*R31*S31,I31="V = L x H x T",J31*K31*L31*M31,I31="V = L x CS",J31*K31*O31,I31="V = T x A",J31*M31*N31,I31="V = V",J31*P31,I31="V = RoT",J31*R31*S31,I31="M = M",J31*Q31,I31="M = RoT",J31*R31*S31,I31="","")} -> 2.669576 | U31: {=_xlfn.IFNA(_xlfn.IFS($H31="length","m",$H31="area","m2",$H31="volume","m3",$H31="mass","kg",$H31="",""),"problem")} -> m3 | V31: Coverings claddings finishings | W31: Internal walls | X31: Plasterboard | Y31: Gypsum hardboard | AA31: {=_xlfn.IFNA(_xlfn.IFS($H31="Length",VLOOKUP($Y31,Densities,3,FALSE),$H31="area",VLOOKUP($Y31,Densities,4,FALSE),$H31="volume",VLOOKUP($Y31,Densities,5,FALSE),$H31="mass",1,$H31="",""),"enter density manually")} -> 930 | AB31: {=_xlfn.IFNA(_xlfn.IFS($H31="length","kg/m",$H31="area","kg/m2",$H31="volume","kg/m3",$H31="mass","kg/kg",$H31="",""),"problem")} -> kg/m3 | AC31: =IF($T31="","",$T31*$AA31) -> 2482.7057 | AD31: =IF($Y31="","",IFERROR(_xlfn.IFNA(IF($H31="volume",$AA31,VLOOKUP($Y31,Densities,5,FALSE)),"enter volumic density manually"),"enter volumic density manually")) -> 930 | AE31: =IF($Y31="","",IF($AC31="","",$AC31/$AD31)) -> 2.669576 | AF31: =_xlfn.IFNA(IF($Y31="","",VLOOKUP($Y31,_xlfn.CHOOSECOLS(Material_categories,4,9),2,FALSE)),"Assign material to its type in tab 'Matching of material categories'") -> Gypsum-based
B32: Skylights in roof - translucent sheets | C32: Google earth: Q = 20, A = 1.5m2 | D32: Assumed thickness: 12mm | E32: Super | F32: Roof | G32: Skin | H32: Volume | I32: V = T x A | J32: 20 | M32: 0.012 | N32: 1.5 | T32: {=_xlfn.IFS(I32="L = L",J32*K32,I32="L = RoT",J32*R32*S32,I32="A = L x H",J32*K32*L32,I32="A = CS",J32*O32,I32="A = A",J32*N32,I32="A = RoT",J32*R32*S32,I32="V = L x H x T",J32*K32*L32*M32,I32="V = L x CS",J32*K32*O32,I32="V = T x A",J32*M32*N32,I32="V = V",J32*P32,I32="V = RoT",J32*R32*S32,I32="M = M",J32*Q32,I32="M = RoT",J32*R32*S32,I32="","")} -> 0.36 | U32: {=_xlfn.IFNA(_xlfn.IFS($H32="length","m",$H32="area","m2",$H32="volume","m3",$H32="mass","kg",$H32="",""),"problem")} -> m3 | V32: Windows and doors | W32: Window | X32: Glazing | Y32: Glass general value | AA32: {=_xlfn.IFNA(_xlfn.IFS($H32="Length",VLOOKUP($Y32,Densities,3,FALSE),$H32="area",VLOOKUP($Y32,Densities,4,FALSE),$H32="volume",VLOOKUP($Y32,Densities,5,FALSE),$H32="mass",1,$H32="",""),"enter density manually")} -> 2530 | AB32: {=_xlfn.IFNA(_xlfn.IFS($H32="length","kg/m",$H32="area","kg/m2",$H32="volume","kg/m3",$H32="mass","kg/kg",$H32="",""),"problem")} -> kg/m3 | AC32: =IF($T32="","",$T32*$AA32) -> 910.8 | AD32: =IF($Y32="","",IFERROR(_xlfn.IFNA(IF($H32="volume",$AA32,VLOOKUP($Y32,Densities,5,FALSE)),"enter volumic density manually"),"enter volumic density manually")) -> 2530 | AE32: =IF($Y32="","",IF($AC32="","",$AC32/$AD32)) -> 0.36 | AF32: =_xlfn.IFNA(IF($Y32="","",VLOOKUP($Y32,_xlfn.CHOOSECOLS(Material_categories,4,9),2,FALSE)),"Assign material to its type in tab 'Matching of material categories'") -> Glass-based
B33: Lintels over 600X600 mm windows | C33: Reinforced concrete | D33: Assumed: 215x65mm, +150mm each side | E33: Super | F33: External walls | G33: Structure | H33: Volume | I33: V = L x CS | J33: 2 | K33: 0.9 | O33: 0.013975 | T33: {=_xlfn.IFS(I33="L = L",J33*K33,I33="L = RoT",J33*R33*S33,I33="A = L x H",J33*K33*L33,I33="A = CS",J33*O33,I33="A = A",J33*N33,I33="A = RoT",J33*R33*S33,I33="V = L x H x T",J33*K33*L33*M33,I33="V = L x CS",J33*K33*O33,I33="V = T x A",J33*M33*N33,I33="V = V",J33*P33,I33="V = RoT",J33*R33*S33,I33="M = M",J33*Q33,I33="M = RoT",J33*R33*S33,I33="","")} -> 0.025155 | U33: {=_xlfn.IFNA(_xlfn.IFS($H33="length","m",$H33="area","m2",$H33="volume","m3",$H33="mass","kg",$H33="",""),"problem")} -> m3 | V33: In situ cementitious | W33: Concrete in situ | X33: Concrete in situ general | Y33: Concrete in situ general | AA33: {=_xlfn.IFNA(_xlfn.IFS($H33="Length",VLOOKUP($Y33,Densities,3,FALSE),$H33="area",VLOOKUP($Y33,Densities,4,FALSE),$H33="volume",VLOOKUP($Y33,Densities,5,FALSE),$H33="mass",1,$H33="",""),"enter density manually")} -> 2400 | AB33: {=_xlfn.IFNA(_xlfn.IFS($H33="length","kg/m",$H33="area","kg/m2",$H33="volume","kg/m3",$H33="mass","kg/kg",$H33="",""),"problem")} -> kg/m3 | AC33: =IF($T33="","",$T33*$AA33) -> 60.372 | AD33: =IF($Y33="","",IFERROR(_xlfn.IFNA(IF($H33="volume",$AA33,VLOOKUP($Y33,Densities,5,FALSE)),"enter volumic density manually"),"enter volumic density manually")) -> 2400 | AE33: =IF($Y33="","",IF($AC33="","",$AC33/$AD33)) -> 0.025155 | AF33: =_xlfn.IFNA(IF($Y33="","",VLOOKUP($Y33,_xlfn.CHOOSECOLS(Material_categories,4,9),2,FALSE)),"Assign material to its type in tab 'Matching of material categories'") -> Concrete and cementitious
B34: Lintels over 600X600 mm windows | C34: Reinforcement | D34: Rule of thumb | E34: Super | F34: External walls | G34: Structure | H34: Mass | I34: M = RoT | J34: 1 | R34: 300 | S34: 0.025155 | T34: {=_xlfn.IFS(I34="L = L",J34*K34,I34="L = RoT",J34*R34*S34,I34="A = L x H",J34*K34*L34,I34="A = CS",J34*O34,I34="A = A",J34*N34,I34="A = RoT",J34*R34*S34,I34="V = L x H x T",J34*K34*L34*M34,I34="V = L x CS",J34*K34*O34,I34="V = T x A",J34*M34*N34,I34="V = V",J34*P34,I34="V = RoT",J34*R34*S34,I34="M = M",J34*Q34,I34="M = RoT",J34*R34*S34,I34="","")} -> 7.5465 | U34: {=_xlfn.IFNA(_xlfn.IFS($H34="length","m",$H34="area","m2",$H34="volume","m3",$H34="mass","kg",$H34="",""),"problem")} -> kg | V34: Steel and metals | W34: Steel framing and reinforcement | X34: Reinforcement in concrete | Y34: Rebar | AA34: {=_xlfn.IFNA(_xlfn.IFS($H34="Length",VLOOKUP($Y34,Densities,3,FALSE),$H34="area",VLOOKUP($Y34,Densities,4,FALSE),$H34="volume",VLOOKUP($Y34,Densities,5,FALSE),$H34="mass",1,$H34="",""),"enter density manually")} -> 1 | AB34: {=_xlfn.IFNA(_xlfn.IFS($H34="length","kg/m",$H34="area","kg/m2",$H34="volume","kg/m3",$H34="mass","kg/kg",$H34="",""),"problem")} -> kg/kg | AC34: =IF($T34="","",$T34*$AA34) -> 7.5465 | AD34: =IF($Y34="","",IFERROR(_xlfn.IFNA(IF($H34="volume",$AA34,VLOOKUP($Y34,Densities,5,FALSE)),"enter volumic density manually"),"enter volumic density manually")) -> 7800 | AE34: =IF($Y34="","",IF($AC34="","",$AC34/$AD34)) -> 0.0009675 | AF34: =_xlfn.IFNA(IF($Y34="","",VLOOKUP($Y34,_xlfn.CHOOSECOLS(Material_categories,4,9),2,FALSE)),"Assign material to its type in tab 'Matching of material categories'") -> Metal - steel
B35: 600X600 mm windows | C35: 10mm glass | D35: Assumed double glazing | E35: Super | F35: Windows and external doors | G35: Skin | H35: Volume | I35: V = T x A | J35: 2 | M35: 0.02 | N35: 0.36 | T35: {=_xlfn.IFS(I35="L = L",J35*K35,I35="L = RoT",J35*R35*S35,I35="A = L x H",J35*K35*L35,I35="A = CS",J35*O35,I35="A = A",J35*N35,I35="A = RoT",J35*R35*S35,I35="V = L x H x T",J35*K35*L35*M35,I35="V = L x CS",J35*K35*O35,I35="V = T x A",J35*M35*N35,I35="V = V",J35*P35,I35="V = RoT",J35*R35*S35,I35="M = M",J35*Q35,I35="M = RoT",J35*R35*S35,I35="","")} -> 0.0144 | U35: {=_xlfn.IFNA(_xlfn.IFS($H35="length","m",$H35="area","m2",$H35="volume","m3",$H35="mass","kg",$H35="",""),"problem")} -> m3 | V35: Windows and doors | W35: Window | X35: Glazing | Y35: Double glazing | AA35: {=_xlfn.IFNA(_xlfn.IFS($H35="Length",VLOOKUP($Y35,Densities,3,FALSE),$H35="area",VLOOKUP($Y35,Densities,4,FALSE),$H35="volume",VLOOKUP($Y35,Densities,5,FALSE),$H35="mass",1,$H35="",""),"enter density manually")} -> 2530 | AB35: {=_xlfn.IFNA(_xlfn.IFS($H35="length","kg/m",$H35="area","kg/m2",$H35="volume","kg/m3",$H35="mass","kg/kg",$H35="",""),"problem")} -> kg/m3 | AC35: =IF($T35="","",$T35*$AA35) -> 36.432 | AD35: =IF($Y35="","",IFERROR(_xlfn.IFNA(IF($H35="volume",$AA35,VLOOKUP($Y35,Densities,5,FALSE)),"enter volumic density manually"),"enter volumic density manually")) -> 2530 | AE35: =IF($Y35="","",IF($AC35="","",$AC35/$AD35)) -> 0.0144 | AF35: =_xlfn.IFNA(IF($Y35="","",VLOOKUP($Y35,_xlfn.CHOOSECOLS(Material_categories,4,9),2,FALSE)),"Assign material to its type in tab 'Matching of material categories'") -> Glass-based
B36: Frame for 600X600 mm windows | C36: Timber window frame | D36: Assumed cross-section 165X110 | E36: Super | F36: Windows and external doors | G36: Skin | H36: Volume | I36: V = L x CS | J36: 2 | K36: 2.4 | O36: 0.01815 | T36: {=_xlfn.IFS(I36="L = L",J36*K36,I36="L = RoT",J36*R36*S36,I36="A = L x H",J36*K36*L36,I36="A = CS",J36*O36,I36="A = A",J36*N36,I36="A = RoT",J36*R36*S36,I36="V = L x H x T",J36*K36*L36*M36,I36="V = L x CS",J36*K36*O36,I36="V = T x A",J36*M36*N36,I36="V = V",J36*P36,I36="V = RoT",J36*R36*S36,I36="M = M",J36*Q36,I36="M = RoT",J36*R36*S36,I36="","")} -> 0.08712 | U36: {=_xlfn.IFNA(_xlfn.IFS($H36="length","m",$H36="area","m2",$H36="volume","m3",$H36="mass","kg",$H36="",""),"problem")} -> m3 | V36: Timber and engineered timber | W36: Timber general | X36: Timber average value | Y36: Timber average | AA36: {=_xlfn.IFNA(_xlfn.IFS($H36="Length",VLOOKUP($Y36,Densities,3,FALSE),$H36="area",VLOOKUP($Y36,Densities,4,FALSE),$H36="volume",VLOOKUP($Y36,Densities,5,FALSE),$H36="mass",1,$H36="",""),"enter density manually")} -> 526 | AB36: {=_xlfn.IFNA(_xlfn.IFS($H36="length","kg/m",$H36="area","kg/m2",$H36="volume","kg/m3",$H36="mass","kg/kg",$H36="",""),"problem")} -> kg/m3 | AC36: =IF($T36="","",$T36*$AA36) -> 45.82512 | AD36: =IF($Y36="","",IFERROR(_xlfn.IFNA(IF($H36="volume",$AA36,VLOOKUP($Y36,Densities,5,FALSE)),"enter volumic density manually"),"enter volumic density manually")) -> 526 | AE36: =IF($Y36="","",IF($AC36="","",$AC36/$AD36)) -> 0.08712 | AF36: =_xlfn.IFNA(IF($Y36="","",VLOOKUP($Y36,_xlfn.CHOOSECOLS(Material_categories,4,9),2,FALSE)),"Assign material to its type in tab 'Matching of material categories'") -> Bio-based
B37: 1200X600 mm windows | C37: 10mm glass | D37: Assumed double glazing | E37: Super | F37: Windows and external doors | G37: Skin | H37: Volume | I37: V = T x A | J37: 6 | M37: 0.02 | N37: 0.72 | T37: {=_xlfn.IFS(I37="L = L",J37*K37,I37="L = RoT",J37*R37*S37,I37="A = L x H",J37*K37*L37,I37="A = CS",J37*O37,I37="A = A",J37*N37,I37="A = RoT",J37*R37*S37,I37="V = L x H x T",J37*K37*L37*M37,I37="V = L x CS",J37*K37*O37,I37="V = T x A",J37*M37*N37,I37="V = V",J37*P37,I37="V = RoT",J37*R37*S37,I37="M = M",J37*Q37,I37="M = RoT",J37*R37*S37,I37="","")} -> 0.0864 | U37: {=_xlfn.IFNA(_xlfn.IFS($H37="length","m",$H37="area","m2",$H37="volume","m3",$H37="mass","kg",$H37="",""),"problem")} -> m3 | V37: Windows and doors | W37: Window | X37: Glazing | Y37: Double glazing | AA37: {=_xlfn.IFNA(_xlfn.IFS($H37="Length",VLOOKUP($Y37,Densities,3,FALSE),$H37="area",VLOOKUP($Y37,Densities,4,FALSE),$H37="volume",VLOOKUP($Y37,Densities,5,FALSE),$H37="mass",1,$H37="",""),"enter density manually")} -> 2530 | AB37: {=_xlfn.IFNA(_xlfn.IFS($H37="length","kg/m",$H37="area","kg/m2",$H37="volume","kg/m3",$H37="mass","kg/kg",$H37="",""),"problem")} -> kg/m3 | AC37: =IF($T37="","",$T37*$AA37) -> 218.592 | AD37: =IF($Y37="","",IFERROR(_xlfn.IFNA(IF($H37="volume",$AA37,VLOOKUP($Y37,Densities,5,FALSE)),"enter volumic density manually"),"enter volumic density manually")) -> 2530 | AE37: =IF($Y37="","",IF($AC37="","",$AC37/$AD37)) -> 0.0864 | AF37: =_xlfn.IFNA(IF($Y37="","",VLOOKUP($Y37,_xlfn.CHOOSECOLS(Material_categories,4,9),2,FALSE)),"Assign material to its type in tab 'Matching of material categories'") -> Glass-based
B38: Frame for 1200X600 mm windows | C38: Timber window frame | D38: Assumed cross-section 165X111 | E38: Super | F38: Windows and external doors | G38: Skin | H38: Volume | I38: V = L x CS | J38: 6 | K38: 3.6 | O38: 0.01815 | T38: {=_xlfn.IFS(I38="L = L",J38*K38,I38="L = RoT",J38*R38*S38,I38="A = L x H",J38*K38*L38,I38="A = CS",J38*O38,I38="A = A",J38*N38,I38="A = RoT",J38*R38*S38,I38="V = L x H x T",J38*K38*L38*M38,I38="V = L x CS",J38*K38*O38,I38="V = T x A",J38*M38*N38,I38="V = V",J38*P38,I38="V = RoT",J38*R38*S38,I38="M = M",J38*Q38,I38="M = RoT",J38*R38*S38,I38="","")} -> 0.39204 | U38: {=_xlfn.IFNA(_xlfn.IFS($H38="length","m",$H38="area","m2",$H38="volume","m3",$H38="mass","kg",$H38="",""),"problem")} -> m3 | V38: Timber and engineered timber | W38: Timber general | X38: Timber average value | Y38: Timber average | AA38: {=_xlfn.IFNA(_xlfn.IFS($H38="Length",VLOOKUP($Y38,Densities,3,FALSE),$H38="area",VLOOKUP($Y38,Densities,4,FALSE),$H38="volume",VLOOKUP($Y38,Densities,5,FALSE),$H38="mass",1,$H38="",""),"enter density manually")} -> 526 | AB38: {=_xlfn.IFNA(_xlfn.IFS($H38="length","kg/m",$H38="area","kg/m2",$H38="volume","kg/m3",$H38="mass","kg/kg",$H38="",""),"problem")} -> kg/m3 | AC38: =IF($T38="","",$T38*$AA38) -> 206.21304 | AD38: =IF($Y38="","",IFERROR(_xlfn.IFNA(IF($H38="volume",$AA38,VLOOKUP($Y38,Densities,5,FALSE)),"enter volumic density manually"),"enter volumic density manually")) -> 526 | AE38: =IF($Y38="","",IF($AC38="","",$AC38/$AD38)) -> 0.39204 | AF38: =_xlfn.IFNA(IF($Y38="","",VLOOKUP($Y38,_xlfn.CHOOSECOLS(Material_categories,4,9),2,FALSE)),"Assign material to its type in tab 'Matching of material categories'") -> Bio-based
B39: 900X2100 mm windows | C39: 10mm glass | D39: Assumed double glazing | E39: Super | F39: Windows and external doors | G39: Skin | H39: Volume | I39: V = T x A | J39: 1 | M39: 0.02 | N39: 1.89 | T39: {=_xlfn.IFS(I39="L = L",J39*K39,I39="L = RoT",J39*R39*S39,I39="A = L x H",J39*K39*L39,I39="A = CS",J39*O39,I39="A = A",J39*N39,I39="A = RoT",J39*R39*S39,I39="V = L x H x T",J39*K39*L39*M39,I39="V = L x CS",J39*K39*O39,I39="V = T x A",J39*M39*N39,I39="V = V",J39*P39,I39="V = RoT",J39*R39*S39,I39="M = M",J39*Q39,I39="M = RoT",J39*R39*S39,I39="","")} -> 0.0378 | U39: {=_xlfn.IFNA(_xlfn.IFS($H39="length","m",$H39="area","m2",$H39="volume","m3",$H39="mass","kg",$H39="",""),"problem")} -> m3 | V39: Windows and doors | W39: Window | X39: Glazing | Y39: Double glazing | AA39: {=_xlfn.IFNA(_xlfn.IFS($H39="Length",VLOOKUP($Y39,Densities,3,FALSE),$H39="area",VLOOKUP($Y39,Densities,4,FALSE),$H39="volume",VLOOKUP($Y39,Densities,5,FALSE),$H39="mass",1,$H39="",""),"enter density manually")} -> 2530 | AB39: {=_xlfn.IFNA(_xlfn.IFS($H39="length","kg/m",$H39="area","kg/m2",$H39="volume","kg/m3",$H39="mass","kg/kg",$H39="",""),"problem")} -> kg/m3 | AC39: =IF($T39="","",$T39*$AA39) -> 95.634 | AD39: =IF($Y39="","",IFERROR(_xlfn.IFNA(IF($H39="volume",$AA39,VLOOKUP($Y39,Densities,5,FALSE)),"enter volumic density manually"),"enter volumic density manually")) -> 2530 | AE39: =IF($Y39="","",IF($AC39="","",$AC39/$AD39)) -> 0.0378 | AF39: =_xlfn.IFNA(IF($Y39="","",VLOOKUP($Y39,_xlfn.CHOOSECOLS(Material_categories,4,9),2,FALSE)),"Assign material to its type in tab 'Matching of material categories'") -> Glass-based
B40: Frame for 900X2100 mm windows | C40: Timber window frame | D40: Assumed cross-section 165X112 | E40: Super | F40: Windows and external doors | G40: Skin | H40: Volume | I40: V = L x CS | J40: 1 | K40: 7.8 | O40: 0.01815 | T40: {=_xlfn.IFS(I40="L = L",J40*K40,I40="L = RoT",J40*R40*S40,I40="A = L x H",J40*K40*L40,I40="A = CS",J40*O40,I40="A = A",J40*N40,I40="A = RoT",J40*R40*S40,I40="V = L x H x T",J40*K40*L40*M40,I40="V = L x CS",J40*K40*O40,I40="V = T x A",J40*M40*N40,I40="V = V",J40*P40,I40="V = RoT",J40*R40*S40,I40="M = M",J40*Q40,I40="M = RoT",J40*R40*S40,I40="","")} -> 0.14157 | U40: {=_xlfn.IFNA(_xlfn.IFS($H40="length","m",$H40="area","m2",$H40="volume","m3",$H40="mass","kg",$H40="",""),"problem")} -> m3 | V40: Timber and engineered timber | W40: Timber general | X40: Timber average value | Y40: Timber average | AA40: {=_xlfn.IFNA(_xlfn.IFS($H40="Length",VLOOKUP($Y40,Densities,3,FALSE),$H40="area",VLOOKUP($Y40,Densities,4,FALSE),$H40="volume",VLOOKUP($Y40,Densities,5,FALSE),$H40="mass",1,$H40="",""),"enter density manually")} -> 526 | AB40: {=_xlfn.IFNA(_xlfn.IFS($H40="length","kg/m",$H40="area","kg/m2",$H40="volume","kg/m3",$H40="mass","kg/kg",$H40="",""),"problem")} -> kg/m3 | AC40: =IF($T40="","",$T40*$AA40) -> 74.46582 | AD40: =IF($Y40="","",IFERROR(_xlfn.IFNA(IF($H40="volume",$AA40,VLOOKUP($Y40,Densities,5,FALSE)),"enter volumic density manually"),"enter volumic density manually")) -> 526 | AE40: =IF($Y40="","",IF($AC40="","",$AC40/$AD40)) -> 0.14157 | AF40: =_xlfn.IFNA(IF($Y40="","",VLOOKUP($Y40,_xlfn.CHOOSECOLS(Material_categories,4,9),2,FALSE)),"Assign material to its type in tab 'Matching of material categories'") -> Bio-based
B41: 1500X1200 mm windows | C41: 10mm glass | D41: Assumed double glazing | E41: Super | F41: Windows and external doors | G41: Skin | H41: Volume | I41: V = T x A | J41: 1 | M41: 0.02 | N41: 1.8 | T41: {=_xlfn.IFS(I41="L = L",J41*K41,I41="L = RoT",J41*R41*S41,I41="A = L x H",J41*K41*L41,I41="A = CS",J41*O41,I41="A = A",J41*N41,I41="A = RoT",J41*R41*S41,I41="V = L x H x T",J41*K41*L41*M41,I41="V = L x CS",J41*K41*O41,I41="V = T x A",J41*M41*N41,I41="V = V",J41*P41,I41="V = RoT",J41*R41*S41,I41="M = M",J41*Q41,I41="M = RoT",J41*R41*S41,I41="","")} -> 0.036 | U41: {=_xlfn.IFNA(_xlfn.IFS($H41="length","m",$H41="area","m2",$H41="volume","m3",$H41="mass","kg",$H41="",""),"problem")} -> m3 | V41: Windows and doors | W41: Window | X41: Glazing | Y41: Double glazing | AA41: {=_xlfn.IFNA(_xlfn.IFS($H41="Length",VLOOKUP($Y41,Densities,3,FALSE),$H41="area",VLOOKUP($Y41,Densities,4,FALSE),$H41="volume",VLOOKUP($Y41,Densities,5,FALSE),$H41="mass",1,$H41="",""),"enter density manually")} -> 2530 | AB41: {=_xlfn.IFNA(_xlfn.IFS($H41="length","kg/m",$H41="area","kg/m2",$H41="volume","kg/m3",$H41="mass","kg/kg",$H41="",""),"problem")} -> kg/m3 | AC41: =IF($T41="","",$T41*$AA41) -> 91.08 | AD41: =IF($Y41="","",IFERROR(_xlfn.IFNA(IF($H41="volume",$AA41,VLOOKUP($Y41,Densities,5,FALSE)),"enter volumic density manually"),"enter volumic density manually")) -> 2530 | AE41: =IF($Y41="","",IF($AC41="","",$AC41/$AD41)) -> 0.036 | AF41: =_xlfn.IFNA(IF($Y41="","",VLOOKUP($Y41,_xlfn.CHOOSECOLS(Material_categories,4,9),2,FALSE)),"Assign material to its type in tab 'Matching of material categories'") -> Glass-based
B42: 2400X2100 mm windows | C42: 10mm glass | D42: Assumed double glazing | E42: Super | F42: Windows and external doors | G42: Skin | H42: Volume | I42: V = T x A | J42: 1 | M42: 0.02 | N42: 5.04 | T42: {=_xlfn.IFS(I42="L = L",J42*K42,I42="L = RoT",J42*R42*S42,I42="A = L x H",J42*K42*L42,I42="A = CS",J42*O42,I42="A = A",J42*N42,I42="A = RoT",J42*R42*S42,I42="V = L x H x T",J42*K42*L42*M42,I42="V = L x CS",J42*K42*O42,I42="V = T x A",J42*M42*N42,I42="V = V",J42*P42,I42="V = RoT",J42*R42*S42,I42="M = M",J42*Q42,I42="M = RoT",J42*R42*S42,I42="","")} -> 0.1008 | U42: {=_xlfn.IFNA(_xlfn.IFS($H42="length","m",$H42="area","m2",$H42="volume","m3",$H42="mass","kg",$H42="",""),"problem")} -> m3 | V42: Windows and doors | W42: Window | X42: Glazing | Y42: Double glazing | AA42: {=_xlfn.IFNA(_xlfn.IFS($H42="Length",VLOOKUP($Y42,Densities,3,FALSE),$H42="area",VLOOKUP($Y42,Densities,4,FALSE),$H42="volume",VLOOKUP($Y42,Densities,5,FALSE),$H42="mass",1,$H42="",""),"enter density manually")} -> 2530 | AB42: {=_xlfn.IFNA(_xlfn.IFS($H42="length","kg/m",$H42="area","kg/m2",$H42="volume","kg/m3",$H42="mass","kg/kg",$H42="",""),"problem")} -> kg/m3 | AC42: =IF($T42="","",$T42*$AA42) -> 255.024 | AD42: =IF($Y42="","",IFERROR(_xlfn.IFNA(IF($H42="volume",$AA42,VLOOKUP($Y42,Densities,5,FALSE)),"enter volumic density manually"),"enter volumic density manually")) -> 2530 | AE42: =IF($Y42="","",IF($AC42="","",$AC42/$AD42)) -> 0.1008 | AF42: =_xlfn.IFNA(IF($Y42="","",VLOOKUP($Y42,_xlfn.CHOOSECOLS(Material_categories,4,9),2,FALSE)),"Assign material to its type in tab 'Matching of material categories'") -> Glass-based
B43: Frame for 1500X1200 mm windows | C43: Timber window frame | D43: Assumed cross-section 165X113 | E43: Super | F43: Windows and external doors | G43: Skin | H43: Volume | I43: V = L x CS | J43: 1 | K43: 6.9 | O43: 0.01815 | T43: {=_xlfn.IFS(I43="L = L",J43*K43,I43="L = RoT",J43*R43*S43,I43="A = L x H",J43*K43*L43,I43="A = CS",J43*O43,I43="A = A",J43*N43,I43="A = RoT",J43*R43*S43,I43="V = L x H x T",J43*K43*L43*M43,I43="V = L x CS",J43*K43*O43,I43="V = T x A",J43*M43*N43,I43="V = V",J43*P43,I43="V = RoT",J43*R43*S43,I43="M = M",J43*Q43,I43="M = RoT",J43*R43*S43,I43="","")} -> 0.125235 | U43: {=_xlfn.IFNA(_xlfn.IFS($H43="length","m",$H43="area","m2",$H43="volume","m3",$H43="mass","kg",$H43="",""),"problem")} -> m3 | V43: Timber and engineered timber | W43: Timber general | X43: Timber average value | Y43: Timber average | AA43: {=_xlfn.IFNA(_xlfn.IFS($H43="Length",VLOOKUP($Y43,Densities,3,FALSE),$H43="area",VLOOKUP($Y43,Densities,4,FALSE),$H43="volume",VLOOKUP($Y43,Densities,5,FALSE),$H43="mass",1,$H43="",""),"enter density manually")} -> 526 | AB43: {=_xlfn.IFNA(_xlfn.IFS($H43="length","kg/m",$H43="area","kg/m2",$H43="volume","kg/m3",$H43="mass","kg/kg",$H43="",""),"problem")} -> kg/m3 | AC43: =IF($T43="","",$T43*$AA43) -> 65.87361 | AD43: =IF($Y43="","",IFERROR(_xlfn.IFNA(IF($H43="volume",$AA43,VLOOKUP($Y43,Densities,5,FALSE)),"enter volumic density manually"),"enter volumic density manually")) -> 526 | AE43: =IF($Y43="","",IF($AC43="","",$AC43/$AD43)) -> 0.125235 | AF43: =_xlfn.IFNA(IF($Y43="","",VLOOKUP($Y43,_xlfn.CHOOSECOLS(Material_categories,4,9),2,FALSE)),"Assign material to its type in tab 'Matching of material categories'") -> Bio-based
B44: Frame for 2400X2100 mm windows | C44: Timber window frame | D44: Assumed cross-section 165X114 | E44: Super | F44: Windows and external doors | G44: Skin | H44: Volume | I44: V = L x CS | J44: 1 | K44: 13.8 | O44: 0.01815 | T44: {=_xlfn.IFS(I44="L = L",J44*K44,I44="L = RoT",J44*R44*S44,I44="A = L x H",J44*K44*L44,I44="A = CS",J44*O44,I44="A = A",J44*N44,I44="A = RoT",J44*R44*S44,I44="V = L x H x T",J44*K44*L44*M44,I44="V = L x CS",J44*K44*O44,I44="V = T x A",J44*M44*N44,I44="V = V",J44*P44,I44="V = RoT",J44*R44*S44,I44="M = M",J44*Q44,I44="M = RoT",J44*R44*S44,I44="","")} -> 0.25047 | U44: {=_xlfn.IFNA(_xlfn.IFS($H44="length","m",$H44="area","m2",$H44="volume","m3",$H44="mass","kg",$H44="",""),"problem")} -> m3 | V44: Timber and engineered timber | W44: Timber general | X44: Timber average value | Y44: Timber average | AA44: {=_xlfn.IFNA(_xlfn.IFS($H44="Length",VLOOKUP($Y44,Densities,3,FALSE),$H44="area",VLOOKUP($Y44,Densities,4,FALSE),$H44="volume",VLOOKUP($Y44,Densities,5,FALSE),$H44="mass",1,$H44="",""),"enter density manually")} -> 526 | AB44: {=_xlfn.IFNA(_xlfn.IFS($H44="length","kg/m",$H44="area","kg/m2",$H44="volume","kg/m3",$H44="mass","kg/kg",$H44="",""),"problem")} -> kg/m3 | AC44: =IF($T44="","",$T44*$AA44) -> 131.74722 | AD44: =IF($Y44="","",IFERROR(_xlfn.IFNA(IF($H44="volume",$AA44,VLOOKUP($Y44,Densities,5,FALSE)),"enter volumic density manually"),"enter volumic density manually")) -> 526 | AE44: =IF($Y44="","",IF($AC44="","",$AC44/$AD44)) -> 0.25047 | AF44: =_xlfn.IFNA(IF($Y44="","",VLOOKUP($Y44,_xlfn.CHOOSECOLS(Material_categories,4,9),2,FALSE)),"Assign material to its type in tab 'Matching of material categories'") -> Bio-based
B45: lintels over 1200X600 mm windows - concrete | C45: Reinforced concrete | D45: Assumed 150mm end bearing on each side and 215X65mm section | E45: Super | F45: Windows and external doors | G45: Skin | H45: Volume | I45: V = L x CS | J45: 6 | K45: 1.5 | O45: 0.013975 | T45: {=_xlfn.IFS(I45="L = L",J45*K45,I45="L = RoT",J45*R45*S45,I45="A = L x H",J45*K45*L45,I45="A = CS",J45*O45,I45="A = A",J45*N45,I45="A = RoT",J45*R45*S45,I45="V = L x H x T",J45*K45*L45*M45,I45="V = L x CS",J45*K45*O45,I45="V = T x A",J45*M45*N45,I45="V = V",J45*P45,I45="V = RoT",J45*R45*S45,I45="M = M",J45*Q45,I45="M = RoT",J45*R45*S45,I45="","")} -> 0.125775 | U45: {=_xlfn.IFNA(_xlfn.IFS($H45="length","m",$H45="area","m2",$H45="volume","m3",$H45="mass","kg",$H45="",""),"problem")} -> m3 | V45: In situ cementitious | W45: Concrete in situ | X45: Concrete in situ general | Y45: Concrete in situ general | AA45: {=_xlfn.IFNA(_xlfn.IFS($H45="Length",VLOOKUP($Y45,Densities,3,FALSE),$H45="area",VLOOKUP($Y45,Densities,4,FALSE),$H45="volume",VLOOKUP($Y45,Densities,5,FALSE),$H45="mass",1,$H45="",""),"enter density manually")} -> 2400 | AB45: {=_xlfn.IFNA(_xlfn.IFS($H45="length","kg/m",$H45="area","kg/m2",$H45="volume","kg/m3",$H45="mass","kg/kg",$H45="",""),"problem")} -> kg/m3 | AC45: =IF($T45="","",$T45*$AA45) -> 301.86 | AD45: =IF($Y45="","",IFERROR(_xlfn.IFNA(IF($H45="volume",$AA45,VLOOKUP($Y45,Densities,5,FALSE)),"enter volumic density manually"),"enter volumic density manually")) -> 2400 | AE45: =IF($Y45="","",IF($AC45="","",$AC45/$AD45)) -> 0.125775 | AF45: =_xlfn.IFNA(IF($Y45="","",VLOOKUP($Y45,_xlfn.CHOOSECOLS(Material_categories,4,9),2,FALSE)),"Assign material to its type in tab 'Matching of material categories'") -> Concrete and cementitious
B46: lintels over 1200X600 mm windows - reinforcement | C46: Reinforcement | D46: Rule of thumb | E46: Super | F46: Windows and external doors | G46: Skin | H46: Mass | I46: M = RoT | J46: 1 | K46: 1.5 | O46: 0.013975 | R46: 300 | S46: 0.125775 | T46: {=_xlfn.IFS(I46="L = L",J46*K46,I46="L = RoT",J46*R46*S46,I46="A = L x H",J46*K46*L46,I46="A = CS",J46*O46,I46="A = A",J46*N46,I46="A = RoT",J46*R46*S46,I46="V = L x H x T",J46*K46*L46*M46,I46="V = L x CS",J46*K46*O46,I46="V = T x A",J46*M46*N46,I46="V = V",J46*P46,I46="V = RoT",J46*R46*S46,I46="M = M",J46*Q46,I46="M = RoT",J46*R46*S46,I46="","")} -> 37.7325 | U46: {=_xlfn.IFNA(_xlfn.IFS($H46="length","m",$H46="area","m2",$H46="volume","m3",$H46="mass","kg",$H46="",""),"problem")} -> kg | V46: In situ cementitious | W46: Concrete in situ | X46: Concrete in situ general | Y46: Concrete in situ general | AA46: {=_xlfn.IFNA(_xlfn.IFS($H46="Length",VLOOKUP($Y46,Densities,3,FALSE),$H46="area",VLOOKUP($Y46,Densities,4,FALSE),$H46="volume",VLOOKUP($Y46,Densities,5,FALSE),$H46="mass",1,$H46="",""),"enter density manually")} -> 1 | AB46: {=_xlfn.IFNA(_xlfn.IFS($H46="length","kg/m",$H46="area","kg/m2",$H46="volume","kg/m3",$H46="mass","kg/kg",$H46="",""),"problem")} -> kg/kg | AC46: =IF($T46="","",$T46*$AA46) -> 37.7325 | AD46: =IF($Y46="","",IFERROR(_xlfn.IFNA(IF($H46="volume",$AA46,VLOOKUP($Y46,Densities,5,FALSE)),"enter volumic density manually"),"enter volumic density manually")) -> 2400 | AE46: =IF($Y46="","",IF($AC46="","",$AC46/$AD46)) -> 0.015721875 | AF46: =_xlfn.IFNA(IF($Y46="","",VLOOKUP($Y46,_xlfn.CHOOSECOLS(Material_categories,4,9),2,FALSE)),"Assign material to its type in tab 'Matching of material categories'") -> Concrete and cementitious
B47: lintels over 900X2100 mm windows - concrete | C47: Reinforced concrete | D47: Assumed 150mm end bearing on each side and 215X65mm section | E47: Super | F47: Windows and external doors | G47: Skin | H47: Volume | I47: V = L x CS | J47: 1 | K47: 1.2 | O47: 0.013975 | T47: {=_xlfn.IFS(I47="L = L",J47*K47,I47="L = RoT",J47*R47*S47,I47="A = L x H",J47*K47*L47,I47="A = CS",J47*O47,I47="A = A",J47*N47,I47="A = RoT",J47*R47*S47,I47="V = L x H x T",J47*K47*L47*M47,I47="V = L x CS",J47*K47*O47,I47="V = T x A",J47*M47*N47,I47="V = V",J47*P47,I47="V = RoT",J47*R47*S47,I47="M = M",J47*Q47,I47="M = RoT",J47*R47*S47,I47="","")} -> 0.01677 | U47: {=_xlfn.IFNA(_xlfn.IFS($H47="length","m",$H47="area","m2",$H47="volume","m3",$H47="mass","kg",$H47="",""),"problem")} -> m3 | V47: In situ cementitious | W47: Concrete in situ | X47: Concrete in situ general | Y47: Concrete in situ general | AA47: {=_xlfn.IFNA(_xlfn.IFS($H47="Length",VLOOKUP($Y47,Densities,3,FALSE),$H47="area",VLOOKUP($Y47,Densities,4,FALSE),$H47="volume",VLOOKUP($Y47,Densities,5,FALSE),$H47="mass",1,$H47="",""),"enter density manually")} -> 2400 | AB47: {=_xlfn.IFNA(_xlfn.IFS($H47="length","kg/m",$H47="area","kg/m2",$H47="volume","kg/m3",$H47="mass","kg/kg",$H47="",""),"problem")} -> kg/m3 | AC47: =IF($T47="","",$T47*$AA47) -> 40.248 | AD47: =IF($Y47="","",IFERROR(_xlfn.IFNA(IF($H47="volume",$AA47,VLOOKUP($Y47,Densities,5,FALSE)),"enter volumic density manually"),"enter volumic density manually")) -> 2400 | AE47: =IF($Y47="","",IF($AC47="","",$AC47/$AD47)) -> 0.01677 | AF47: =_xlfn.IFNA(IF($Y47="","",VLOOKUP($Y47,_xlfn.CHOOSECOLS(Material_categories,4,9),2,FALSE)),"Assign material to its type in tab 'Matching of material categories'") -> Concrete and cementitious
B48: lintels over 900X2100 mm windows - reinforcement | C48: Reinforcement | D48: Rule of thumb | E48: Super | F48: Windows and external doors | G48: Skin | H48: Mass | I48: M = RoT | J48: 1 | K48: 1.2 | O48: 0.013975 | R48: 300 | S48: 0.01677 | T48: {=_xlfn.IFS(I48="L = L",J48*K48,I48="L = RoT",J48*R48*S48,I48="A = L x H",J48*K48*L48,I48="A = CS",J48*O48,I48="A = A",J48*N48,I48="A = RoT",J48*R48*S48,I48="V = L x H x T",J48*K48*L48*M48,I48="V = L x CS",J48*K48*O48,I48="V = T x A",J48*M48*N48,I48="V = V",J48*P48,I48="V = RoT",J48*R48*S48,I48="M = M",J48*Q48,I48="M = RoT",J48*R48*S48,I48="","")} -> 5.031 | U48: {=_xlfn.IFNA(_xlfn.IFS($H48="length","m",$H48="area","m2",$H48="volume","m3",$H48="mass","kg",$H48="",""),"problem")} -> kg | V48: In situ cementitious | W48: Concrete in situ | X48: Concrete in situ general | Y48: Concrete in situ general | AA48: {=_xlfn.IFNA(_xlfn.IFS($H48="Length",VLOOKUP($Y48,Densities,3,FALSE),$H48="area",VLOOKUP($Y48,Densities,4,FALSE),$H48="volume",VLOOKUP($Y48,Densities,5,FALSE),$H48="mass",1,$H48="",""),"enter density manually")} -> 1 | AB48: {=_xlfn.IFNA(_xlfn.IFS($H48="length","kg/m",$H48="area","kg/m2",$H48="volume","kg/m3",$H48="mass","kg/kg",$H48="",""),"problem")} -> kg/kg | AC48: =IF($T48="","",$T48*$AA48) -> 5.031 | AD48: =IF($Y48="","",IFERROR(_xlfn.IFNA(IF($H48="volume",$AA48,VLOOKUP($Y48,Densities,5,FALSE)),"enter volumic density manually"),"enter volumic density manually")) -> 2400 | AE48: =IF($Y48="","",IF($AC48="","",$AC48/$AD48)) -> 0.00209625 | AF48: =_xlfn.IFNA(IF($Y48="","",VLOOKUP($Y48,_xlfn.CHOOSECOLS(Material_categories,4,9),2,FALSE)),"Assign material to its type in tab 'Matching of material categories'") -> Concrete and cementitious
B49: lintels over 1500X1200 mm windows - concrete | C49: Reinforced concrete | D49: Assumed 150mm end bearing on each side and 215X65mm section | E49: Super | F49: Windows and external doors | G49: Skin | H49: Volume | I49: V = L x CS | J49: 1 | K49: 1.8 | O49: 0.013975 | T49: {=_xlfn.IFS(I49="L = L",J49*K49,I49="L = RoT",J49*R49*S49,I49="A = L x H",J49*K49*L49,I49="A = CS",J49*O49,I49="A = A",J49*N49,I49="A = RoT",J49*R49*S49,I49="V = L x H x T",J49*K49*L49*M49,I49="V = L x CS",J49*K49*O49,I49="V = T x A",J49*M49*N49,I49="V = V",J49*P49,I49="V = RoT",J49*R49*S49,I49="M = M",J49*Q49,I49="M = RoT",J49*R49*S49,I49="","")} -> 0.025155 | U49: {=_xlfn.IFNA(_xlfn.IFS($H49="length","m",$H49="area","m2",$H49="volume","m3",$H49="mass","kg",$H49="",""),"problem")} -> m3 | V49: In situ cementitious | W49: Concrete in situ | X49: Concrete in situ general | Y49: Concrete in situ general | AA49: {=_xlfn.IFNA(_xlfn.IFS($H49="Length",VLOOKUP($Y49,Densities,3,FALSE),$H49="area",VLOOKUP($Y49,Densities,4,FALSE),$H49="volume",VLOOKUP($Y49,Densities,5,FALSE),$H49="mass",1,$H49="",""),"enter density manually")} -> 2400 | AB49: {=_xlfn.IFNA(_xlfn.IFS($H49="length","kg/m",$H49="area","kg/m2",$H49="volume","kg/m3",$H49="mass","kg/kg",$H49="",""),"problem")} -> kg/m3 | AC49: =IF($T49="","",$T49*$AA49) -> 60.372 | AD49: =IF($Y49="","",IFERROR(_xlfn.IFNA(IF($H49="volume",$AA49,VLOOKUP($Y49,Densities,5,FALSE)),"enter volumic density manually"),"enter volumic density manually")) -> 2400 | AE49: =IF($Y49="","",IF($AC49="","",$AC49/$AD49)) -> 0.025155 | AF49: =_xlfn.IFNA(IF($Y49="","",VLOOKUP($Y49,_xlfn.CHOOSECOLS(Material_categories,4,9),2,FALSE)),"Assign material to its type in tab 'Matching of material categories'") -> Concrete and cementitious
B50: lintels over 1500X1200 mm windows - reinforcement | C50: Reinforcement | D50: Rule of thumb | E50: Super | F50: Windows and external doors | G50: Skin | H50: Mass | I50: M = RoT | J50: 1 | K50: 1.8 | O50: 0.013975 | R50: 300 | S50: 0.025155 | T50: {=_xlfn.IFS(I50="L = L",J50*K50,I50="L = RoT",J50*R50*S50,I50="A = L x H",J50*K50*L50,I50="A = CS",J50*O50,I50="A = A",J50*N50,I50="A = RoT",J50*R50*S50,I50="V = L x H x T",J50*K50*L50*M50,I50="V = L x CS",J50*K50*O50,I50="V = T x A",J50*M50*N50,I50="V = V",J50*P50,I50="V = RoT",J50*R50*S50,I50="M = M",J50*Q50,I50="M = RoT",J50*R50*S50,I50="","")} -> 7.5465 | U50: {=_xlfn.IFNA(_xlfn.IFS($H50="length","m",$H50="area","m2",$H50="volume","m3",$H50="mass","kg",$H50="",""),"problem")} -> kg | V50: In situ cementitious | W50: Concrete in situ | X50: Concrete in situ general | Y50: Concrete in situ general | AA50: {=_xlfn.IFNA(_xlfn.IFS($H50="Length",VLOOKUP($Y50,Densities,3,FALSE),$H50="area",VLOOKUP($Y50,Densities,4,FALSE),$H50="volume",VLOOKUP($Y50,Densities,5,FALSE),$H50="mass",1,$H50="",""),"enter density manually")} -> 1 | AB50: {=_xlfn.IFNA(_xlfn.IFS($H50="length","kg/m",$H50="area","kg/m2",$H50="volume","kg/m3",$H50="mass","kg/kg",$H50="",""),"problem")} -> kg/kg | AC50: =IF($T50="","",$T50*$AA50) -> 7.5465 | AD50: =IF($Y50="","",IFERROR(_xlfn.IFNA(IF($H50="volume",$AA50,VLOOKUP($Y50,Densities,5,FALSE)),"enter volumic density manually"),"enter volumic density manually")) -> 2400 | AE50: =IF($Y50="","",IF($AC50="","",$AC50/$AD50)) -> 0.003144375 | AF50: =_xlfn.IFNA(IF($Y50="","",VLOOKUP($Y50,_xlfn.CHOOSECOLS(Material_categories,4,9),2,FALSE)),"Assign material to its type in tab 'Matching of material categories'") -> Concrete and cementitious
B51: lintels over 2400X2100 mm windows - concrete | C51: Reinforced concrete | D51: Assumed 300mm end bearing on each side and 215X65mm section | E51: Super | F51: Windows and external doors | G51: Skin | H51: Volume | I51: V = L x CS | J51: 1 | K51: 3 | O51: 0.013975 | T51: {=_xlfn.IFS(I51="L = L",J51*K51,I51="L = RoT",J51*R51*S51,I51="A = L x H",J51*K51*L51,I51="A = CS",J51*O51,I51="A = A",J51*N51,I51="A = RoT",J51*R51*S51,I51="V = L x H x T",J51*K51*L51*M51,I51="V = L x CS",J51*K51*O51,I51="V = T x A",J51*M51*N51,I51="V = V",J51*P51,I51="V = RoT",J51*R51*S51,I51="M = M",J51*Q51,I51="M = RoT",J51*R51*S51,I51="","")} -> 0.041925 | U51: {=_xlfn.IFNA(_xlfn.IFS($H51="length","m",$H51="area","m2",$H51="volume","m3",$H51="mass","kg",$H51="",""),"problem")} -> m3 | V51: In situ cementitious | W51: Concrete in situ | X51: Concrete in situ general | Y51: Concrete in situ general | AA51: {=_xlfn.IFNA(_xlfn.IFS($H51="Length",VLOOKUP($Y51,Densities,3,FALSE),$H51="area",VLOOKUP($Y51,Densities,4,FALSE),$H51="volume",VLOOKUP($Y51,Densities,5,FALSE),$H51="mass",1,$H51="",""),"enter density manually")} -> 2400 | AB51: {=_xlfn.IFNA(_xlfn.IFS($H51="length","kg/m",$H51="area","kg/m2",$H51="volume","kg/m3",$H51="mass","kg/kg",$H51="",""),"problem")} -> kg/m3 | AC51: =IF($T51="","",$T51*$AA51) -> 100.62 | AD51: =IF($Y51="","",IFERROR(_xlfn.IFNA(IF($H51="volume",$AA51,VLOOKUP($Y51,Densities,5,FALSE)),"enter volumic density manually"),"enter volumic density manually")) -> 2400 | AE51: =IF($Y51="","",IF($AC51="","",$AC51/$AD51)) -> 0.041925 | AF51: =_xlfn.IFNA(IF($Y51="","",VLOOKUP($Y51,_xlfn.CHOOSECOLS(Material_categories,4,9),2,FALSE)),"Assign material to its type in tab 'Matching of material categories'") -> Concrete and cementitious
B52: lintels over 2400X2100 mm windows - reinforcement | C52: Reinforcement | D52: Rule of thumb | E52: Super | F52: Windows and external doors | G52: Skin | H52: Mass | I52: M = RoT | J52: 1 | K52: 3 | O52: 0.013975 | R52: 300 | S52: 0.041925 | T52: {=_xlfn.IFS(I52="L = L",J52*K52,I52="L = RoT",J52*R52*S52,I52="A = L x H",J52*K52*L52,I52="A = CS",J52*O52,I52="A = A",J52*N52,I52="A = RoT",J52*R52*S52,I52="V = L x H x T",J52*K52*L52*M52,I52="V = L x CS",J52*K52*O52,I52="V = T x A",J52*M52*N52,I52="V = V",J52*P52,I52="V = RoT",J52*R52*S52,I52="M = M",J52*Q52,I52="M = RoT",J52*R52*S52,I52="","")} -> 12.5775 | U52: {=_xlfn.IFNA(_xlfn.IFS($H52="length","m",$H52="area","m2",$H52="volume","m3",$H52="mass","kg",$H52="",""),"problem")} -> kg | V52: In situ cementitious | W52: Concrete in situ | X52: Concrete in situ general | Y52: Concrete in situ general | AA52: {=_xlfn.IFNA(_xlfn.IFS($H52="Length",VLOOKUP($Y52,Densities,3,FALSE),$H52="area",VLOOKUP($Y52,Densities,4,FALSE),$H52="volume",VLOOKUP($Y52,Densities,5,FALSE),$H52="mass",1,$H52="",""),"enter density manually")} -> 1 | AB52: {=_xlfn.IFNA(_xlfn.IFS($H52="length","kg/m",$H52="area","kg/m2",$H52="volume","kg/m3",$H52="mass","kg/kg",$H52="",""),"problem")} -> kg/kg | AC52: =IF($T52="","",$T52*$AA52) -> 12.5775 | AD52: =IF($Y52="","",IFERROR(_xlfn.IFNA(IF($H52="volume",$AA52,VLOOKUP($Y52,Densities,5,FALSE)),"enter volumic density manually"),"enter volumic density manually")) -> 2400 | AE52: =IF($Y52="","",IF($AC52="","",$AC52/$AD52)) -> 0.005240625 | AF52: =_xlfn.IFNA(IF($Y52="","",VLOOKUP($Y52,_xlfn.CHOOSECOLS(Material_categories,4,9),2,FALSE)),"Assign material to its type in tab 'Matching of material categories'") -> Concrete and cementitious
B53: White PVC boarding | D53: Marked in the elevations. | E53: Super | F53: External walls | G53: Skin | H53: Volume | I53: V = T x A | J53: 1 | M53: 0.0095 | N53: 14.4 | T53: {=_xlfn.IFS(I53="L = L",J53*K53,I53="L = RoT",J53*R53*S53,I53="A = L x H",J53*K53*L53,I53="A = CS",J53*O53,I53="A = A",J53*N53,I53="A = RoT",J53*R53*S53,I53="V = L x H x T",J53*K53*L53*M53,I53="V = L x CS",J53*K53*O53,I53="V = T x A",J53*M53*N53,I53="V = V",J53*P53,I53="V = RoT",J53*R53*S53,I53="M = M",J53*Q53,I53="M = RoT",J53*R53*S53,I53="","")} -> 0.1368 | U53: {=_xlfn.IFNA(_xlfn.IFS($H53="length","m",$H53="area","m2",$H53="volume","m3",$H53="mass","kg",$H53="",""),"problem")} -> m3 | V53: Coverings claddings finishings | W53: External wall finishing | X53: Synthetic cladding | Y53: Profiled PVC sheet | AA53: {=_xlfn.IFNA(_xlfn.IFS($H53="Length",VLOOKUP($Y53,Densities,3,FALSE),$H53="area",VLOOKUP($Y53,Densities,4,FALSE),$H53="volume",VLOOKUP($Y53,Densities,5,FALSE),$H53="mass",1,$H53="",""),"enter density manually")} -> 1380 | AB53: {=_xlfn.IFNA(_xlfn.IFS($H53="length","kg/m",$H53="area","kg/m2",$H53="volume","kg/m3",$H53="mass","kg/kg",$H53="",""),"problem")} -> kg/m3 | AC53: =IF($T53="","",$T53*$AA53) -> 188.784 | AD53: =IF($Y53="","",IFERROR(_xlfn.IFNA(IF($H53="volume",$AA53,VLOOKUP($Y53,Densities,5,FALSE)),"enter volumic density manually"),"enter volumic density manually")) -> 1380 | AE53: =IF($Y53="","",IF($AC53="","",$AC53/$AD53)) -> 0.1368 | AF53: =_xlfn.IFNA(IF($Y53="","",VLOOKUP($Y53,_xlfn.CHOOSECOLS(Material_categories,4,9),2,FALSE)),"Assign material to its type in tab 'Matching of material categories'") -> Plastics
B54: External manual roller shutter door | C54: Steel | D54: https://www.hvpshutters.co.uk/roller-shutter-weights.php | E54: Super | F54: Windows and external doors | G54: Skin | H54: Area | I54: A = A | J54: 1 | N54: 19.98 | T54: {=_xlfn.IFS(I54="L = L",J54*K54,I54="L = RoT",J54*R54*S54,I54="A = L x H",J54*K54*L54,I54="A = CS",J54*O54,I54="A = A",J54*N54,I54="A = RoT",J54*R54*S54,I54="V = L x H x T",J54*K54*L54*M54,I54="V = L x CS",J54*K54*O54,I54="V = T x A",J54*M54*N54,I54="V = V",J54*P54,I54="V = RoT",J54*R54*S54,I54="M = M",J54*Q54,I54="M = RoT",J54*R54*S54,I54="","")} -> 19.98 | U54: {=_xlfn.IFNA(_xlfn.IFS($H54="length","m",$H54="area","m2",$H54="volume","m3",$H54="mass","kg",$H54="",""),"problem")} -> m2 | V54: Steel and metals | W54: Metal products | X54: Metal doors windows curtain | Y54: Curtain wall mullions RoT | AA54: {=_xlfn.IFNA(_xlfn.IFS($H54="Length",VLOOKUP($Y54,Densities,3,FALSE),$H54="area",VLOOKUP($Y54,Densities,4,FALSE),$H54="volume",VLOOKUP($Y54,Densities,5,FALSE),$H54="mass",1,$H54="",""),"enter density manually")} -> 10.44 | AB54: {=_xlfn.IFNA(_xlfn.IFS($H54="length","kg/m",$H54="area","kg/m2",$H54="volume","kg/m3",$H54="mass","kg/kg",$H54="",""),"problem")} -> kg/m2 | AC54: =IF($T54="","",$T54*$AA54) -> 208.5912 | AD54: =IF($Y54="","",IFERROR(_xlfn.IFNA(IF($H54="volume",$AA54,VLOOKUP($Y54,Densities,5,FALSE)),"enter volumic density manually"),"enter volumic density manually")) -> 2700 | AE54: =IF($Y54="","",IF($AC54="","",$AC54/$AD54)) -> 0.077256 | AF54: =_xlfn.IFNA(IF($Y54="","",VLOOKUP($Y54,_xlfn.CHOOSECOLS(Material_categories,4,9),2,FALSE)),"Assign material to its type in tab 'Matching of material categories'") -> Metal - steel
B55: Ground floor external 1981X762mm glass doors | C55: Glass | D55: Assumed double glazing | E55: Super | F55: Windows and external doors | G55: Skin | H55: Volume | I55: V = T x A | J55: 2 | M55: 0.02 | N55: 1.509522 | T55: {=_xlfn.IFS(I55="L = L",J55*K55,I55="L = RoT",J55*R55*S55,I55="A = L x H",J55*K55*L55,I55="A = CS",J55*O55,I55="A = A",J55*N55,I55="A = RoT",J55*R55*S55,I55="V = L x H x T",J55*K55*L55*M55,I55="V = L x CS",J55*K55*O55,I55="V = T x A",J55*M55*N55,I55="V = V",J55*P55,I55="V = RoT",J55*R55*S55,I55="M = M",J55*Q55,I55="M = RoT",J55*R55*S55,I55="","")} -> 0.06038088 | U55: {=_xlfn.IFNA(_xlfn.IFS($H55="length","m",$H55="area","m2",$H55="volume","m3",$H55="mass","kg",$H55="",""),"problem")} -> m3 | V55: Windows and doors | W55: Window | X55: Glazing | Y55: Double glazing | AA55: {=_xlfn.IFNA(_xlfn.IFS($H55="Length",VLOOKUP($Y55,Densities,3,FALSE),$H55="area",VLOOKUP($Y55,Densities,4,FALSE),$H55="volume",VLOOKUP($Y55,Densities,5,FALSE),$H55="mass",1,$H55="",""),"enter density manually")} -> 2530 | AB55: {=_xlfn.IFNA(_xlfn.IFS($H55="length","kg/m",$H55="area","kg/m2",$H55="volume","kg/m3",$H55="mass","kg/kg",$H55="",""),"problem")} -> kg/m3 | AC55: =IF($T55="","",$T55*$AA55) -> 152.76363 | AD55: =IF($Y55="","",IFERROR(_xlfn.IFNA(IF($H55="volume",$AA55,VLOOKUP($Y55,Densities,5,FALSE)),"enter volumic density manually"),"enter volumic density manually")) -> 2530 | AE55: =IF($Y55="","",IF($AC55="","",$AC55/$AD55)) -> 0.06038088 | AF55: =_xlfn.IFNA(IF($Y55="","",VLOOKUP($Y55,_xlfn.CHOOSECOLS(Material_categories,4,9),2,FALSE)),"Assign material to its type in tab 'Matching of material categories'") -> Glass-based
B56: Frame for Ground floor external 1981X762mm glass doors | C56: Timber | D56: Assumed cross-section 165X110 | E56: Super | F56: Windows and external doors | G56: Skin | H56: Volume | I56: V = L x CS | J56: 2 | K56: 5.562 | O56: 0.01815 | T56: {=_xlfn.IFS(I56="L = L",J56*K56,I56="L = RoT",J56*R56*S56,I56="A = L x H",J56*K56*L56,I56="A = CS",J56*O56,I56="A = A",J56*N56,I56="A = RoT",J56*R56*S56,I56="V = L x H x T",J56*K56*L56*M56,I56="V = L x CS",J56*K56*O56,I56="V = T x A",J56*M56*N56,I56="V = V",J56*P56,I56="V = RoT",J56*R56*S56,I56="M = M",J56*Q56,I56="M = RoT",J56*R56*S56,I56="","")} -> 0.2019006 | U56: {=_xlfn.IFNA(_xlfn.IFS($H56="length","m",$H56="area","m2",$H56="volume","m3",$H56="mass","kg",$H56="",""),"problem")} -> m3 | V56: Timber and engineered timber | W56: Timber general | X56: Timber average value | Y56: Timber average | AA56: {=_xlfn.IFNA(_xlfn.IFS($H56="Length",VLOOKUP($Y56,Densities,3,FALSE),$H56="area",VLOOKUP($Y56,Densities,4,FALSE),$H56="volume",VLOOKUP($Y56,Densities,5,FALSE),$H56="mass",1,$H56="",""),"enter density manually")} -> 526 | AB56: {=_xlfn.IFNA(_xlfn.IFS($H56="length","kg/m",$H56="area","kg/m2",$H56="volume","kg/m3",$H56="mass","kg/kg",$H56="",""),"problem")} -> kg/m3 | AC56: =IF($T56="","",$T56*$AA56) -> 106.19972 | AD56: =IF($Y56="","",IFERROR(_xlfn.IFNA(IF($H56="volume",$AA56,VLOOKUP($Y56,Densities,5,FALSE)),"enter volumic density manually"),"enter volumic density manually")) -> 526 | AE56: =IF($Y56="","",IF($AC56="","",$AC56/$AD56)) -> 0.2019006 | AF56: =_xlfn.IFNA(IF($Y56="","",VLOOKUP($Y56,_xlfn.CHOOSECOLS(Material_categories,4,9),2,FALSE)),"Assign material to its type in tab 'Matching of material categories'") -> Bio-based
B57: Ground floor external 1981X762mm doors | D57: calculated door shutter and frame area together | E57: Super | F57: Windows and external doors | G57: Skin | H57: Volume | I57: V = T x A | J57: 3 | M57: 0.0254 | N57: 1.8 | T57: {=_xlfn.IFS(I57="L = L",J57*K57,I57="L = RoT",J57*R57*S57,I57="A = L x H",J57*K57*L57,I57="A = CS",J57*O57,I57="A = A",J57*N57,I57="A = RoT",J57*R57*S57,I57="V = L x H x T",J57*K57*L57*M57,I57="V = L x CS",J57*K57*O57,I57="V = T x A",J57*M57*N57,I57="V = V",J57*P57,I57="V = RoT",J57*R57*S57,I57="M = M",J57*Q57,I57="M = RoT",J57*R57*S57,I57="","")} -> 0.13716 | U57: {=_xlfn.IFNA(_xlfn.IFS($H57="length","m",$H57="area","m2",$H57="volume","m3",$H57="mass","kg",$H57="",""),"problem")} -> m3 | V57: Timber and engineered timber | W57: Timber general | X57: Timber average value | Y57: Timber average | AA57: {=_xlfn.IFNA(_xlfn.IFS($H57="Length",VLOOKUP($Y57,Densities,3,FALSE),$H57="area",VLOOKUP($Y57,Densities,4,FALSE),$H57="volume",VLOOKUP($Y57,Densities,5,FALSE),$H57="mass",1,$H57="",""),"enter density manually")} -> 526 | AB57: {=_xlfn.IFNA(_xlfn.IFS($H57="length","kg/m",$H57="area","kg/m2",$H57="volume","kg/m3",$H57="mass","kg/kg",$H57="",""),"problem")} -> kg/m3 | AC57: =IF($T57="","",$T57*$AA57) -> 72.14616 | AD57: =IF($Y57="","",IFERROR(_xlfn.IFNA(IF($H57="volume",$AA57,VLOOKUP($Y57,Densities,5,FALSE)),"enter volumic density manually"),"enter volumic density manually")) -> 526 | AE57: =IF($Y57="","",IF($AC57="","",$AC57/$AD57)) -> 0.13716 | AF57: =_xlfn.IFNA(IF($Y57="","",VLOOKUP($Y57,_xlfn.CHOOSECOLS(Material_categories,4,9),2,FALSE)),"Assign material to its type in tab 'Matching of material categories'") -> Bio-based
B58: Internal 1981X762mm doors | D58: calculated door shutter and frame area together | E58: Super | F58: Internal walls | G58: Space | H58: Volume | I58: V = T x A | J58: 8 | M58: 0.0254 | N58: 1.8 | T58: {=_xlfn.IFS(I58="L = L",J58*K58,I58="L = RoT",J58*R58*S58,I58="A = L x H",J58*K58*L58,I58="A = CS",J58*O58,I58="A = A",J58*N58,I58="A = RoT",J58*R58*S58,I58="V = L x H x T",J58*K58*L58*M58,I58="V = L x CS",J58*K58*O58,I58="V = T x A",J58*M58*N58,I58="V = V",J58*P58,I58="V = RoT",J58*R58*S58,I58="M = M",J58*Q58,I58="M = RoT",J58*R58*S58,I58="","")} -> 0.36576 | U58: {=_xlfn.IFNA(_xlfn.IFS($H58="length","m",$H58="area","m2",$H58="volume","m3",$H58="mass","kg",$H58="",""),"problem")} -> m3 | V58: Timber and engineered timber | W58: Timber general | X58: Timber average value | Y58: Timber average | AA58: {=_xlfn.IFNA(_xlfn.IFS($H58="Length",VLOOKUP($Y58,Densities,3,FALSE),$H58="area",VLOOKUP($Y58,Densities,4,FALSE),$H58="volume",VLOOKUP($Y58,Densities,5,FALSE),$H58="mass",1,$H58="",""),"enter density manually")} -> 526 | AB58: {=_xlfn.IFNA(_xlfn.IFS($H58="length","kg/m",$H58="area","kg/m2",$H58="volume","kg/m3",$H58="mass","kg/kg",$H58="",""),"problem")} -> kg/m3 | AC58: =IF($T58="","",$T58*$AA58) -> 192.38976 | AD58: =IF($Y58="","",IFERROR(_xlfn.IFNA(IF($H58="volume",$AA58,VLOOKUP($Y58,Densities,5,FALSE)),"enter volumic density manually"),"enter volumic density manually")) -> 526 | AE58: =IF($Y58="","",IF($AC58="","",$AC58/$AD58)) -> 0.36576 | AF58: =_xlfn.IFNA(IF($Y58="","",VLOOKUP($Y58,_xlfn.CHOOSECOLS(Material_categories,4,9),2,FALSE)),"Assign material to its type in tab 'Matching of material categories'") -> Bio-based
B59: lintels over doors - concrete | C59: Reinforced concrete | D59: Assumed 150mm end bearing on each side and 105X65mm section | E59: Super | F59: Internal walls | G59: Space | H59: Volume | I59: V = L x CS | J59: 15 | K59: 1 | O59: 0.006825 | T59: {=_xlfn.IFS(I59="L = L",J59*K59,I59="L = RoT",J59*R59*S59,I59="A = L x H",J59*K59*L59,I59="A = CS",J59*O59,I59="A = A",J59*N59,I59="A = RoT",J59*R59*S59,I59="V = L x H x T",J59*K59*L59*M59,I59="V = L x CS",J59*K59*O59,I59="V = T x A",J59*M59*N59,I59="V = V",J59*P59,I59="V = RoT",J59*R59*S59,I59="M = M",J59*Q59,I59="M = RoT",J59*R59*S59,I59="","")} -> 0.102375 | U59: {=_xlfn.IFNA(_xlfn.IFS($H59="length","m",$H59="area","m2",$H59="volume","m3",$H59="mass","kg",$H59="",""),"problem")} -> m3 | V59: In situ cementitious | W59: Concrete in situ | X59: Concrete in situ general | Y59: Concrete in situ general | AA59: {=_xlfn.IFNA(_xlfn.IFS($H59="Length",VLOOKUP($Y59,Densities,3,FALSE),$H59="area",VLOOKUP($Y59,Densities,4,FALSE),$H59="volume",VLOOKUP($Y59,Densities,5,FALSE),$H59="mass",1,$H59="",""),"enter density manually")} -> 2400 | AB59: {=_xlfn.IFNA(_xlfn.IFS($H59="length","kg/m",$H59="area","kg/m2",$H59="volume","kg/m3",$H59="mass","kg/kg",$H59="",""),"problem")} -> kg/m3 | AC59: =IF($T59="","",$T59*$AA59) -> 245.7 | AD59: =IF($Y59="","",IFERROR(_xlfn.IFNA(IF($H59="volume",$AA59,VLOOKUP($Y59,Densities,5,FALSE)),"enter volumic density manually"),"enter volumic density manually")) -> 2400 | AE59: =IF($Y59="","",IF($AC59="","",$AC59/$AD59)) -> 0.102375 | AF59: =_xlfn.IFNA(IF($Y59="","",VLOOKUP($Y59,_xlfn.CHOOSECOLS(Material_categories,4,9),2,FALSE)),"Assign material to its type in tab 'Matching of material categories'") -> Concrete and cementitious
B60: lintels over doors - reinforcement | C60: Reinforcement | D60: Rule of thumb | E60: Super | F60: Internal walls | G60: Space | H60: Mass | I60: M = RoT | J60: 1 | R60: 300 | S60: 0.102375 | T60: {=_xlfn.IFS(I60="L = L",J60*K60,I60="L = RoT",J60*R60*S60,I60="A = L x H",J60*K60*L60,I60="A = CS",J60*O60,I60="A = A",J60*N60,I60="A = RoT",J60*R60*S60,I60="V = L x H x T",J60*K60*L60*M60,I60="V = L x CS",J60*K60*O60,I60="V = T x A",J60*M60*N60,I60="V = V",J60*P60,I60="V = RoT",J60*R60*S60,I60="M = M",J60*Q60,I60="M = RoT",J60*R60*S60,I60="","")} -> 30.7125 | U60: {=_xlfn.IFNA(_xlfn.IFS($H60="length","m",$H60="area","m2",$H60="volume","m3",$H60="mass","kg",$H60="",""),"problem")} -> kg | V60: In situ cementitious | W60: Concrete in situ | X60: Concrete in situ general | Y60: Concrete in situ general | AA60: {=_xlfn.IFNA(_xlfn.IFS($H60="Length",VLOOKUP($Y60,Densities,3,FALSE),$H60="area",VLOOKUP($Y60,Densities,4,FALSE),$H60="volume",VLOOKUP($Y60,Densities,5,FALSE),$H60="mass",1,$H60="",""),"enter density manually")} -> 1 | AB60: {=_xlfn.IFNA(_xlfn.IFS($H60="length","kg/m",$H60="area","kg/m2",$H60="volume","kg/m3",$H60="mass","kg/kg",$H60="",""),"problem")} -> kg/kg | AC60: =IF($T60="","",$T60*$AA60) -> 30.7125 | AD60: =IF($Y60="","",IFERROR(_xlfn.IFNA(IF($H60="volume",$AA60,VLOOKUP($Y60,Densities,5,FALSE)),"enter volumic density manually"),"enter volumic density manually")) -> 2400 | AE60: =IF($Y60="","",IF($AC60="","",$AC60/$AD60)) -> 0.012796875 | AF60: =_xlfn.IFNA(IF($Y60="","",VLOOKUP($Y60,_xlfn.CHOOSECOLS(Material_categories,4,9),2,FALSE)),"Assign material to its type in tab 'Matching of material categories'") -> Concrete and cementitious
B61: First Floor slab - 19mm Plasterboard | C61: Plasterboard | E61: Super | F61: Upper floors | G61: Structure | H61: Volume | I61: V = T x A | J61: 1 | M61: 0.019 | N61: 82.965 | T61: {=_xlfn.IFS(I61="L = L",J61*K61,I61="L = RoT",J61*R61*S61,I61="A = L x H",J61*K61*L61,I61="A = CS",J61*O61,I61="A = A",J61*N61,I61="A = RoT",J61*R61*S61,I61="V = L x H x T",J61*K61*L61*M61,I61="V = L x CS",J61*K61*O61,I61="V = T x A",J61*M61*N61,I61="V = V",J61*P61,I61="V = RoT",J61*R61*S61,I61="M = M",J61*Q61,I61="M = RoT",J61*R61*S61,I61="","")} -> 1.576335 | U61: {=_xlfn.IFNA(_xlfn.IFS($H61="length","m",$H61="area","m2",$H61="volume","m3",$H61="mass","kg",$H61="",""),"problem")} -> m3 | V61: Coverings claddings finishings | W61: Internal walls | X61: Plasterboard | Y61: Gypsum hardboard | AA61: {=_xlfn.IFNA(_xlfn.IFS($H61="Length",VLOOKUP($Y61,Densities,3,FALSE),$H61="area",VLOOKUP($Y61,Densities,4,FALSE),$H61="volume",VLOOKUP($Y61,Densities,5,FALSE),$H61="mass",1,$H61="",""),"enter density manually")} -> 930 | AB61: {=_xlfn.IFNA(_xlfn.IFS($H61="length","kg/m",$H61="area","kg/m2",$H61="volume","kg/m3",$H61="mass","kg/kg",$H61="",""),"problem")} -> kg/m3 | AC61: =IF($T61="","",$T61*$AA61) -> 1465.9915 | AD61: =IF($Y61="","",IFERROR(_xlfn.IFNA(IF($H61="volume",$AA61,VLOOKUP($Y61,Densities,5,FALSE)),"enter volumic density manually"),"enter volumic density manually")) -> 930 | AE61: =IF($Y61="","",IF($AC61="","",$AC61/$AD61)) -> 1.576335 | AF61: =_xlfn.IFNA(IF($Y61="","",VLOOKUP($Y61,_xlfn.CHOOSECOLS(Material_categories,4,9),2,FALSE)),"Assign material to its type in tab 'Matching of material categories'") -> Gypsum-based
B62: First Floor slab - 225*75 Softwood Joist @ 450 crs | C62: Timber | E62: Super | F62: Upper floors | G62: Structure | H62: Volume | I62: V = L x CS | J62: 178 | K62: 6.35 | O62: 0.016875 | T62: {=_xlfn.IFS(I62="L = L",J62*K62,I62="L = RoT",J62*R62*S62,I62="A = L x H",J62*K62*L62,I62="A = CS",J62*O62,I62="A = A",J62*N62,I62="A = RoT",J62*R62*S62,I62="V = L x H x T",J62*K62*L62*M62,I62="V = L x CS",J62*K62*O62,I62="V = T x A",J62*M62*N62,I62="V = V",J62*P62,I62="V = RoT",J62*R62*S62,I62="M = M",J62*Q62,I62="M = RoT",J62*R62*S62,I62="","")} -> 19.073812 | U62: {=_xlfn.IFNA(_xlfn.IFS($H62="length","m",$H62="area","m2",$H62="volume","m3",$H62="mass","kg",$H62="",""),"problem")} -> m3 | V62: Timber and engineered timber | W62: Timber general | X62: Timber average value | Y62: Timber average | AA62: {=_xlfn.IFNA(_xlfn.IFS($H62="Length",VLOOKUP($Y62,Densities,3,FALSE),$H62="area",VLOOKUP($Y62,Densities,4,FALSE),$H62="volume",VLOOKUP($Y62,Densities,5,FALSE),$H62="mass",1,$H62="",""),"enter density manually")} -> 526 | AB62: {=_xlfn.IFNA(_xlfn.IFS($H62="length","kg/m",$H62="area","kg/m2",$H62="volume","kg/m3",$H62="mass","kg/kg",$H62="",""),"problem")} -> kg/m3 | AC62: =IF($T62="","",$T62*$AA62) -> 10032.825 | AD62: =IF($Y62="","",IFERROR(_xlfn.IFNA(IF($H62="volume",$AA62,VLOOKUP($Y62,Densities,5,FALSE)),"enter volumic density manually"),"enter volumic density manually")) -> 526 | AE62: =IF($Y62="","",IF($AC62="","",$AC62/$AD62)) -> 19.073812 | AF62: =_xlfn.IFNA(IF($Y62="","",VLOOKUP($Y62,_xlfn.CHOOSECOLS(Material_categories,4,9),2,FALSE)),"Assign material to its type in tab 'Matching of material categories'") -> Bio-based
B63: First Floor slab - 9.5 Plasterboard & skim | C63: Plasterboard | E63: Super | F63: Upper floors | G63: Structure | H63: Volume | I63: V = T x A | J63: 1 | M63: 0.0095 | N63: 82.965 | T63: {=_xlfn.IFS(I63="L = L",J63*K63,I63="L = RoT",J63*R63*S63,I63="A = L x H",J63*K63*L63,I63="A = CS",J63*O63,I63="A = A",J63*N63,I63="A = RoT",J63*R63*S63,I63="V = L x H x T",J63*K63*L63*M63,I63="V = L x CS",J63*K63*O63,I63="V = T x A",J63*M63*N63,I63="V = V",J63*P63,I63="V = RoT",J63*R63*S63,I63="M = M",J63*Q63,I63="M = RoT",J63*R63*S63,I63="","")} -> 0.7881675 | U63: {=_xlfn.IFNA(_xlfn.IFS($H63="length","m",$H63="area","m2",$H63="volume","m3",$H63="mass","kg",$H63="",""),"problem")} -> m3 | V63: Coverings claddings finishings | W63: Internal walls | X63: Plasterboard | Y63: Gypsum hardboard | AA63: {=_xlfn.IFNA(_xlfn.IFS($H63="Length",VLOOKUP($Y63,Densities,3,FALSE),$H63="area",VLOOKUP($Y63,Densities,4,FALSE),$H63="volume",VLOOKUP($Y63,Densities,5,FALSE),$H63="mass",1,$H63="",""),"enter density manually")} -> 930 | AB63: {=_xlfn.IFNA(_xlfn.IFS($H63="length","kg/m",$H63="area","kg/m2",$H63="volume","kg/m3",$H63="mass","kg/kg",$H63="",""),"problem")} -> kg/m3 | AC63: =IF($T63="","",$T63*$AA63) -> 732.99577 | AD63: =IF($Y63="","",IFERROR(_xlfn.IFNA(IF($H63="volume",$AA63,VLOOKUP($Y63,Densities,5,FALSE)),"enter volumic density manually"),"enter volumic density manually")) -> 930 | AE63: =IF($Y63="","",IF($AC63="","",$AC63/$AD63)) -> 0.7881675 | AF63: =_xlfn.IFNA(IF($Y63="","",VLOOKUP($Y63,_xlfn.CHOOSECOLS(Material_categories,4,9),2,FALSE)),"Assign material to its type in tab 'Matching of material categories'") -> Gypsum-based
B64: First Floor roof - 19mm Plasterboard | C64: Plasterboard | E64: Super | F64: Upper floors | G64: Structure | H64: Volume | I64: V = T x A | J64: 1 | M64: 0.019 | N64: 82.965 | T64: {=_xlfn.IFS(I64="L = L",J64*K64,I64="L = RoT",J64*R64*S64,I64="A = L x H",J64*K64*L64,I64="A = CS",J64*O64,I64="A = A",J64*N64,I64="A = RoT",J64*R64*S64,I64="V = L x H x T",J64*K64*L64*M64,I64="V = L x CS",J64*K64*O64,I64="V = T x A",J64*M64*N64,I64="V = V",J64*P64,I64="V = RoT",J64*R64*S64,I64="M = M",J64*Q64,I64="M = RoT",J64*R64*S64,I64="","")} -> 1.576335 | U64: {=_xlfn.IFNA(_xlfn.IFS($H64="length","m",$H64="area","m2",$H64="volume","m3",$H64="mass","kg",$H64="",""),"problem")} -> m3 | V64: Coverings claddings finishings | W64: Internal walls | X64: Plasterboard | Y64: Gypsum hardboard | AA64: {=_xlfn.IFNA(_xlfn.IFS($H64="Length",VLOOKUP($Y64,Densities,3,FALSE),$H64="area",VLOOKUP($Y64,Densities,4,FALSE),$H64="volume",VLOOKUP($Y64,Densities,5,FALSE),$H64="mass",1,$H64="",""),"enter density manually")} -> 930 | AB64: {=_xlfn.IFNA(_xlfn.IFS($H64="length","kg/m",$H64="area","kg/m2",$H64="volume","kg/m3",$H64="mass","kg/kg",$H64="",""),"problem")} -> kg/m3 | AC64: =IF($T64="","",$T64*$AA64) -> 1465.9915 | AD64: =IF($Y64="","",IFERROR(_xlfn.IFNA(IF($H64="volume",$AA64,VLOOKUP($Y64,Densities,5,FALSE)),"enter volumic density manually"),"enter volumic density manually")) -> 930 | AE64: =IF($Y64="","",IF($AC64="","",$AC64/$AD64)) -> 1.576335 | AF64: =_xlfn.IFNA(IF($Y64="","",VLOOKUP($Y64,_xlfn.CHOOSECOLS(Material_categories,4,9),2,FALSE)),"Assign material to its type in tab 'Matching of material categories'") -> Gypsum-based
B65: First Floor roof - 100*38 Softwood Joist @ 450 crs | C65: Timber | E65: Super | F65: Upper floors | G65: Structure | H65: Volume | I65: V = L x CS | J65: 11 | K65: 6.35 | O65: 0.0038 | T65: {=_xlfn.IFS(I65="L = L",J65*K65,I65="L = RoT",J65*R65*S65,I65="A = L x H",J65*K65*L65,I65="A = CS",J65*O65,I65="A = A",J65*N65,I65="A = RoT",J65*R65*S65,I65="V = L x H x T",J65*K65*L65*M65,I65="V = L x CS",J65*K65*O65,I65="V = T x A",J65*M65*N65,I65="V = V",J65*P65,I65="V = RoT",J65*R65*S65,I65="M = M",J65*Q65,I65="M = RoT",J65*R65*S65,I65="","")} -> 0.26543 | U65: {=_xlfn.IFNA(_xlfn.IFS($H65="length","m",$H65="area","m2",$H65="volume","m3",$H65="mass","kg",$H65="",""),"problem")} -> m3 | V65: Timber and engineered timber | W65: Timber general | X65: Timber average value | Y65: Timber average | AA65: {=_xlfn.IFNA(_xlfn.IFS($H65="Length",VLOOKUP($Y65,Densities,3,FALSE),$H65="area",VLOOKUP($Y65,Densities,4,FALSE),$H65="volume",VLOOKUP($Y65,Densities,5,FALSE),$H65="mass",1,$H65="",""),"enter density manually")} -> 526 | AB65: {=_xlfn.IFNA(_xlfn.IFS($H65="length","kg/m",$H65="area","kg/m2",$H65="volume","kg/m3",$H65="mass","kg/kg",$H65="",""),"problem")} -> kg/m3 | AC65: =IF($T65="","",$T65*$AA65) -> 139.61618 | AD65: =IF($Y65="","",IFERROR(_xlfn.IFNA(IF($H65="volume",$AA65,VLOOKUP($Y65,Densities,5,FALSE)),"enter volumic density manually"),"enter volumic density manually")) -> 526 | AE65: =IF($Y65="","",IF($AC65="","",$AC65/$AD65)) -> 0.26543 | AF65: =_xlfn.IFNA(IF($Y65="","",VLOOKUP($Y65,_xlfn.CHOOSECOLS(Material_categories,4,9),2,FALSE)),"Assign material to its type in tab 'Matching of material categories'") -> Bio-based
B66: First Floor roof - 9.5 Plasterboard & skim | C66: Plasterboard | E66: Super | F66: Upper floors | G66: Structure | H66: Volume | I66: V = T x A | J66: 1 | M66: 0.0095 | N66: 82.965 | T66: {=_xlfn.IFS(I66="L = L",J66*K66,I66="L = RoT",J66*R66*S66,I66="A = L x H",J66*K66*L66,I66="A = CS",J66*O66,I66="A = A",J66*N66,I66="A = RoT",J66*R66*S66,I66="V = L x H x T",J66*K66*L66*M66,I66="V = L x CS",J66*K66*O66,I66="V = T x A",J66*M66*N66,I66="V = V",J66*P66,I66="V = RoT",J66*R66*S66,I66="M = M",J66*Q66,I66="M = RoT",J66*R66*S66,I66="","")} -> 0.7881675 | U66: {=_xlfn.IFNA(_xlfn.IFS($H66="length","m",$H66="area","m2",$H66="volume","m3",$H66="mass","kg",$H66="",""),"problem")} -> m3 | V66: Coverings claddings finishings | W66: Internal walls | X66: Plasterboard | Y66: Gypsum hardboard | AA66: {=_xlfn.IFNA(_xlfn.IFS($H66="Length",VLOOKUP($Y66,Densities,3,FALSE),$H66="area",VLOOKUP($Y66,Densities,4,FALSE),$H66="volume",VLOOKUP($Y66,Densities,5,FALSE),$H66="mass",1,$H66="",""),"enter density manually")} -> 930 | AB66: {=_xlfn.IFNA(_xlfn.IFS($H66="length","kg/m",$H66="area","kg/m2",$H66="volume","kg/m3",$H66="mass","kg/kg",$H66="",""),"problem")} -> kg/m3 | AC66: =IF($T66="","",$T66*$AA66) -> 732.99577 | AD66: =IF($Y66="","",IFERROR(_xlfn.IFNA(IF($H66="volume",$AA66,VLOOKUP($Y66,Densities,5,FALSE)),"enter volumic density manually"),"enter volumic density manually")) -> 930 | AE66: =IF($Y66="","",IF($AC66="","",$AC66/$AD66)) -> 0.7881675 | AF66: =_xlfn.IFNA(IF($Y66="","",VLOOKUP($Y66,_xlfn.CHOOSECOLS(Material_categories,4,9),2,FALSE)),"Assign material to its type in tab 'Matching of material categories'") -> Gypsum-based
B67: Staircase | C67: Steel | E67: Super | F67: Stairs and ramps | G67: Space | H67: Volume | I67: V = L x H x T | J67: 12 | K67: 1.8 | L67: 0.01 | M67: 0.3 | T67: {=_xlfn.IFS(I67="L = L",J67*K67,I67="L = RoT",J67*R67*S67,I67="A = L x H",J67*K67*L67,I67="A = CS",J67*O67,I67="A = A",J67*N67,I67="A = RoT",J67*R67*S67,I67="V = L x H x T",J67*K67*L67*M67,I67="V = L x CS",J67*K67*O67,I67="V = T x A",J67*M67*N67,I67="V = V",J67*P67,I67="V = RoT",J67*R67*S67,I67="M = M",J67*Q67,I67="M = RoT",J67*R67*S67,I67="","")} -> 0.0648 | U67: {=_xlfn.IFNA(_xlfn.IFS($H67="length","m",$H67="area","m2",$H67="volume","m3",$H67="mass","kg",$H67="",""),"problem")} -> m3 | V67: Steel and metals | W67: Metal products | X67: Metal sheets | Y67: Steel sheet flat 0.8mm | AA67: {=_xlfn.IFNA(_xlfn.IFS($H67="Length",VLOOKUP($Y67,Densities,3,FALSE),$H67="area",VLOOKUP($Y67,Densities,4,FALSE),$H67="volume",VLOOKUP($Y67,Densities,5,FALSE),$H67="mass",1,$H67="",""),"enter density manually")} -> 7800 | AB67: {=_xlfn.IFNA(_xlfn.IFS($H67="length","kg/m",$H67="area","kg/m2",$H67="volume","kg/m3",$H67="mass","kg/kg",$H67="",""),"problem")} -> kg/m3 | AC67: =IF($T67="","",$T67*$AA67) -> 505.44 | AD67: =IF($Y67="","",IFERROR(_xlfn.IFNA(IF($H67="volume",$AA67,VLOOKUP($Y67,Densities,5,FALSE)),"enter volumic density manually"),"enter volumic density manually")) -> 7800 | AE67: =IF($Y67="","",IF($AC67="","",$AC67/$AD67)) -> 0.0648 | AF67: =_xlfn.IFNA(IF($Y67="","",VLOOKUP($Y67,_xlfn.CHOOSECOLS(Material_categories,4,9),2,FALSE)),"Assign material to its type in tab 'Matching of material categories'") -> Metal - steel
B68: Staircase handrail | C68: Steel | E68: Super | F68: Stairs and ramps | G68: Space | H68: Volume | I68: V = L x CS | J68: 1 | K68: 2.5 | O68: 0.0025 | T68: {=_xlfn.IFS(I68="L = L",J68*K68,I68="L = RoT",J68*R68*S68,I68="A = L x H",J68*K68*L68,I68="A = CS",J68*O68,I68="A = A",J68*N68,I68="A = RoT",J68*R68*S68,I68="V = L x H x T",J68*K68*L68*M68,I68="V = L x CS",J68*K68*O68,I68="V = T x A",J68*M68*N68,I68="V = V",J68*P68,I68="V = RoT",J68*R68*S68,I68="M = M",J68*Q68,I68="M = RoT",J68*R68*S68,I68="","")} -> 0.00625 | U68: {=_xlfn.IFNA(_xlfn.IFS($H68="length","m",$H68="area","m2",$H68="volume","m3",$H68="mass","kg",$H68="",""),"problem")} -> m3 | V68: Steel and metals | W68: Metals general | X68: Steel | Y68: Steel general | AA68: {=_xlfn.IFNA(_xlfn.IFS($H68="Length",VLOOKUP($Y68,Densities,3,FALSE),$H68="area",VLOOKUP($Y68,Densities,4,FALSE),$H68="volume",VLOOKUP($Y68,Densities,5,FALSE),$H68="mass",1,$H68="",""),"enter density manually")} -> 7850 | AB68: {=_xlfn.IFNA(_xlfn.IFS($H68="length","kg/m",$H68="area","kg/m2",$H68="volume","kg/m3",$H68="mass","kg/kg",$H68="",""),"problem")} -> kg/m3 | AC68: =IF($T68="","",$T68*$AA68) -> 49.0625 | AD68: =IF($Y68="","",IFERROR(_xlfn.IFNA(IF($H68="volume",$AA68,VLOOKUP($Y68,Densities,5,FALSE)),"enter volumic density manually"),"enter volumic density manually")) -> 7850 | AE68: =IF($Y68="","",IF($AC68="","",$AC68/$AD68)) -> 0.00625 | AF68: =_xlfn.IFNA(IF($Y68="","",VLOOKUP($Y68,_xlfn.CHOOSECOLS(Material_categories,4,9),2,FALSE)),"Assign material to its type in tab 'Matching of material categories'") -> Metal - steel
B69: First-floor handrail & balustrade horizontal bars | C69: Steel | D69: Assumed 100mm diameter | E69: Super | F69: Stairs and ramps | G69: Space | H69: Volume | I69: V = L x CS | J69: 2 | K69: 14 | O69: 0.007854 | T69: {=_xlfn.IFS(I69="L = L",J69*K69,I69="L = RoT",J69*R69*S69,I69="A = L x H",J69*K69*L69,I69="A = CS",J69*O69,I69="A = A",J69*N69,I69="A = RoT",J69*R69*S69,I69="V = L x H x T",J69*K69*L69*M69,I69="V = L x CS",J69*K69*O69,I69="V = T x A",J69*M69*N69,I69="V = V",J69*P69,I69="V = RoT",J69*R69*S69,I69="M = M",J69*Q69,I69="M = RoT",J69*R69*S69,I69="","")} -> 0.219912 | U69: {=_xlfn.IFNA(_xlfn.IFS($H69="length","m",$H69="area","m2",$H69="volume","m3",$H69="mass","kg",$H69="",""),"problem")} -> m3 | V69: Steel and metals | W69: Metals general | X69: Steel | Y69: Steel general | AA69: {=_xlfn.IFNA(_xlfn.IFS($H69="Length",VLOOKUP($Y69,Densities,3,FALSE),$H69="area",VLOOKUP($Y69,Densities,4,FALSE),$H69="volume",VLOOKUP($Y69,Densities,5,FALSE),$H69="mass",1,$H69="",""),"enter density manually")} -> 7850 | AB69: {=_xlfn.IFNA(_xlfn.IFS($H69="length","kg/m",$H69="area","kg/m2",$H69="volume","kg/m3",$H69="mass","kg/kg",$H69="",""),"problem")} -> kg/m3 | AC69: =IF($T69="","",$T69*$AA69) -> 1726.3092 | AD69: =IF($Y69="","",IFERROR(_xlfn.IFNA(IF($H69="volume",$AA69,VLOOKUP($Y69,Densities,5,FALSE)),"enter volumic density manually"),"enter volumic density manually")) -> 7850 | AE69: =IF($Y69="","",IF($AC69="","",$AC69/$AD69)) -> 0.219912 | AF69: =_xlfn.IFNA(IF($Y69="","",VLOOKUP($Y69,_xlfn.CHOOSECOLS(Material_categories,4,9),2,FALSE)),"Assign material to its type in tab 'Matching of material categories'") -> Metal - steel
B70: First-floor handrail & balustrade vertical posts | C70: Steel | D70: Assumes50X50mm posts | E70: Super | F70: Stairs and ramps | G70: Space | H70: Volume | I70: V = L x CS | J70: 15 | K70: 1 | O70: 0.0025 | T70: {=_xlfn.IFS(I70="L = L",J70*K70,I70="L = RoT",J70*R70*S70,I70="A = L x H",J70*K70*L70,I70="A = CS",J70*O70,I70="A = A",J70*N70,I70="A = RoT",J70*R70*S70,I70="V = L x H x T",J70*K70*L70*M70,I70="V = L x CS",J70*K70*O70,I70="V = T x A",J70*M70*N70,I70="V = V",J70*P70,I70="V = RoT",J70*R70*S70,I70="M = M",J70*Q70,I70="M = RoT",J70*R70*S70,I70="","")} -> 0.0375 | U70: {=_xlfn.IFNA(_xlfn.IFS($H70="length","m",$H70="area","m2",$H70="volume","m3",$H70="mass","kg",$H70="",""),"problem")} -> m3 | V70: Steel and metals | W70: Metals general | X70: Steel | Y70: Steel general | AA70: {=_xlfn.IFNA(_xlfn.IFS($H70="Length",VLOOKUP($Y70,Densities,3,FALSE),$H70="area",VLOOKUP($Y70,Densities,4,FALSE),$H70="volume",VLOOKUP($Y70,Densities,5,FALSE),$H70="mass",1,$H70="",""),"enter density manually")} -> 7850 | AB70: {=_xlfn.IFNA(_xlfn.IFS($H70="length","kg/m",$H70="area","kg/m2",$H70="volume","kg/m3",$H70="mass","kg/kg",$H70="",""),"problem")} -> kg/m3 | AC70: =IF($T70="","",$T70*$AA70) -> 294.375 | AD70: =IF($Y70="","",IFERROR(_xlfn.IFNA(IF($H70="volume",$AA70,VLOOKUP($Y70,Densities,5,FALSE)),"enter volumic density manually"),"enter volumic density manually")) -> 7850 | AE70: =IF($Y70="","",IF($AC70="","",$AC70/$AD70)) -> 0.0375 | AF70: =_xlfn.IFNA(IF($Y70="","",VLOOKUP($Y70,_xlfn.CHOOSECOLS(Material_categories,4,9),2,FALSE)),"Assign material to its type in tab 'Matching of material categories'") -> Metal - steel
T71: {=_xlfn.IFS(I71="L = L",J71*K71,I71="L = RoT",J71*R71*S71,I71="A = L x H",J71*K71*L71,I71="A = CS",J71*O71,I71="A = A",J71*N71,I71="A = RoT",J71*R71*S71,I71="V = L x H x T",J71*K71*L71*M71,I71="V = L x CS",J71*K71*O71,I71="V = T x A",J71*M71*N71,I71="V = V",J71*P71,I71="V = RoT",J71*R71*S71,I71="M = M",J71*Q71,I71="M = RoT",J71*R71*S71,I71="","")} | U71: {=_xlfn.IFNA(_xlfn.IFS($H71="length","m",$H71="area","m2",$H71="volume","m3",$H71="mass","kg",$H71="",""),"problem")} | AA71: {=_xlfn.IFNA(_xlfn.IFS($H71="Length",VLOOKUP($Y71,Densities,3,FALSE),$H71="area",VLOOKUP($Y71,Densities,4,FALSE),$H71="volume",VLOOKUP($Y71,Densities,5,FALSE),$H71="mass",1,$H71="",""),"enter density manually")} | AB71: {=_xlfn.IFNA(_xlfn.IFS($H71="length","kg/m",$H71="area","kg/m2",$H71="volume","kg/m3",$H71="mass","kg/kg",$H71="",""),"problem")} | AC71: =IF($T71="","",$T71*$AA71) | AD71: =IF($Y71="","",IFERROR(_xlfn.IFNA(IF($H71="volume",$AA71,VLOOKUP($Y71,Densities,5,FALSE)),"enter volumic density manually"),"enter volumic density manually")) | AE71: =IF($Y71="","",IF($AC71="","",$AC71/$AD71)) | AF71: =_xlfn.IFNA(IF($Y71="","",VLOOKUP($Y71,_xlfn.CHOOSECOLS(Material_categories,4,9),2,FALSE)),"Assign material to its type in tab 'Matching of material categories'")
T72: {=_xlfn.IFS(I72="L = L",J72*K72,I72="L = RoT",J72*R72*S72,I72="A = L x H",J72*K72*L72,I72="A = CS",J72*O72,I72="A = A",J72*N72,I72="A = RoT",J72*R72*S72,I72="V = L x H x T",J72*K72*L72*M72,I72="V = L x CS",J72*K72*O72,I72="V = T x A",J72*M72*N72,I72="V = V",J72*P72,I72="V = RoT",J72*R72*S72,I72="M = M",J72*Q72,I72="M = RoT",J72*R72*S72,I72="","")} | U72: {=_xlfn.IFNA(_xlfn.IFS($H72="length","m",$H72="area","m2",$H72="volume","m3",$H72="mass","kg",$H72="",""),"problem")} | AA72: {=_xlfn.IFNA(_xlfn.IFS($H72="Length",VLOOKUP($Y72,Densities,3,FALSE),$H72="area",VLOOKUP($Y72,Densities,4,FALSE),$H72="volume",VLOOKUP($Y72,Densities,5,FALSE),$H72="mass",1,$H72="",""),"enter density manually")} | AB72: {=_xlfn.IFNA(_xlfn.IFS($H72="length","kg/m",$H72="area","kg/m2",$H72="volume","kg/m3",$H72="mass","kg/kg",$H72="",""),"problem")} | AC72: =IF($T72="","",$T72*$AA72) | AD72: =IF($Y72="","",IFERROR(_xlfn.IFNA(IF($H72="volume",$AA72,VLOOKUP($Y72,Densities,5,FALSE)),"enter volumic density manually"),"enter volumic density manually")) | AE72: =IF($Y72="","",IF($AC72="","",$AC72/$AD72)) | AF72: =_xlfn.IFNA(IF($Y72="","",VLOOKUP($Y72,_xlfn.CHOOSECOLS(Material_categories,4,9),2,FALSE)),"Assign material to its type in tab 'Matching of material categories'")
T73: {=_xlfn.IFS(I73="L = L",J73*K73,I73="L = RoT",J73*R73*S73,I73="A = L x H",J73*K73*L73,I73="A = CS",J73*O73,I73="A = A",J73*N73,I73="A = RoT",J73*R73*S73,I73="V = L x H x T",J73*K73*L73*M73,I73="V = L x CS",J73*K73*O73,I73="V = T x A",J73*M73*N73,I73="V = V",J73*P73,I73="V = RoT",J73*R73*S73,I73="M = M",J73*Q73,I73="M = RoT",J73*R73*S73,I73="","")} | U73: {=_xlfn.IFNA(_xlfn.IFS($H73="length","m",$H73="area","m2",$H73="volume","m3",$H73="mass","kg",$H73="",""),"problem")} | AA73: {=_xlfn.IFNA(_xlfn.IFS($H73="Length",VLOOKUP($Y73,Densities,3,FALSE),$H73="area",VLOOKUP($Y73,Densities,4,FALSE),$H73="volume",VLOOKUP($Y73,Densities,5,FALSE),$H73="mass",1,$H73="",""),"enter density manually")} | AB73: {=_xlfn.IFNA(_xlfn.IFS($H73="length","kg/m",$H73="area","kg/m2",$H73="volume","kg/m3",$H73="mass","kg/kg",$H73="",""),"problem")} | AC73: =IF($T73="","",$T73*$AA73) | AD73: =IF($Y73="","",IFERROR(_xlfn.IFNA(IF($H73="volume",$AA73,VLOOKUP($Y73,Densities,5,FALSE)),"enter volumic density manually"),"enter volumic density manually")) | AE73: =IF($Y73="","",IF($AC73="","",$AC73/$AD73)) | AF73: =_xlfn.IFNA(IF($Y73="","",VLOOKUP($Y73,_xlfn.CHOOSECOLS(Material_categories,4,9),2,FALSE)),"Assign material to its type in tab 'Matching of material categories'")
T74: {=_xlfn.IFS(I74="L = L",J74*K74,I74="L = RoT",J74*R74*S74,I74="A = L x H",J74*K74*L74,I74="A = CS",J74*O74,I74="A = A",J74*N74,I74="A = RoT",J74*R74*S74,I74="V = L x H x T",J74*K74*L74*M74,I74="V = L x CS",J74*K74*O74,I74="V = T x A",J74*M74*N74,I74="V = V",J74*P74,I74="V = RoT",J74*R74*S74,I74="M = M",J74*Q74,I74="M = RoT",J74*R74*S74,I74="","")} | U74: {=_xlfn.IFNA(_xlfn.IFS($H74="length","m",$H74="area","m2",$H74="volume","m3",$H74="mass","kg",$H74="",""),"problem")} | AA74: {=_xlfn.IFNA(_xlfn.IFS($H74="Length",VLOOKUP($Y74,Densities,3,FALSE),$H74="area",VLOOKUP($Y74,Densities,4,FALSE),$H74="volume",VLOOKUP($Y74,Densities,5,FALSE),$H74="mass",1,$H74="",""),"enter density manually")} | AB74: {=_xlfn.IFNA(_xlfn.IFS($H74="length","kg/m",$H74="area","kg/m2",$H74="volume","kg/m3",$H74="mass","kg/kg",$H74="",""),"problem")} | AC74: =IF($T74="","",$T74*$AA74) | AD74: =IF($Y74="","",IFERROR(_xlfn.IFNA(IF($H74="volume",$AA74,VLOOKUP($Y74,Densities,5,FALSE)),"enter volumic density manually"),"enter volumic density manually")) | AE74: =IF($Y74="","",IF($AC74="","",$AC74/$AD74)) | AF74: =_xlfn.IFNA(IF($Y74="","",VLOOKUP($Y74,_xlfn.CHOOSECOLS(Material_categories,4,9),2,FALSE)),"Assign material to its type in tab 'Matching of material categories'")
T75: {=_xlfn.IFS(I75="L = L",J75*K75,I75="L = RoT",J75*R75*S75,I75="A = L x H",J75*K75*L75,I75="A = CS",J75*O75,I75="A = A",J75*N75,I75="A = RoT",J75*R75*S75,I75="V = L x H x T",J75*K75*L75*M75,I75="V = L x CS",J75*K75*O75,I75="V = T x A",J75*M75*N75,I75="V = V",J75*P75,I75="V = RoT",J75*R75*S75,I75="M = M",J75*Q75,I75="M = RoT",J75*R75*S75,I75="","")} | U75: {=_xlfn.IFNA(_xlfn.IFS($H75="length","m",$H75="area","m2",$H75="volume","m3",$H75="mass","kg",$H75="",""),"problem")} | AA75: {=_xlfn.IFNA(_xlfn.IFS($H75="Length",VLOOKUP($Y75,Densities,3,FALSE),$H75="area",VLOOKUP($Y75,Densities,4,FALSE),$H75="volume",VLOOKUP($Y75,Densities,5,FALSE),$H75="mass",1,$H75="",""),"enter density manually")} | AB75: {=_xlfn.IFNA(_xlfn.IFS($H75="length","kg/m",$H75="area","kg/m2",$H75="volume","kg/m3",$H75="mass","kg/kg",$H75="",""),"problem")} | AC75: =IF($T75="","",$T75*$AA75) | AD75: =IF($Y75="","",IFERROR(_xlfn.IFNA(IF($H75="volume",$AA75,VLOOKUP($Y75,Densities,5,FALSE)),"enter volumic density manually"),"enter volumic density manually")) | AE75: =IF($Y75="","",IF($AC75="","",$AC75/$AD75)) | AF75: =_xlfn.IFNA(IF($Y75="","",VLOOKUP($Y75,_xlfn.CHOOSECOLS(Material_categories,4,9),2,FALSE)),"Assign material to its type in tab 'Matching of material categories'")
T76: {=_xlfn.IFS(I76="L = L",J76*K76,I76="L = RoT",J76*R76*S76,I76="A = L x H",J76*K76*L76,I76="A = CS",J76*O76,I76="A = A",J76*N76,I76="A = RoT",J76*R76*S76,I76="V = L x H x T",J76*K76*L76*M76,I76="V = L x CS",J76*K76*O76,I76="V = T x A",J76*M76*N76,I76="V = V",J76*P76,I76="V = RoT",J76*R76*S76,I76="M = M",J76*Q76,I76="M = RoT",J76*R76*S76,I76="","")} | U76: {=_xlfn.IFNA(_xlfn.IFS($H76="length","m",$H76="area","m2",$H76="volume","m3",$H76="mass","kg",$H76="",""),"problem")} | AA76: {=_xlfn.IFNA(_xlfn.IFS($H76="Length",VLOOKUP($Y76,Densities,3,FALSE),$H76="area",VLOOKUP($Y76,Densities,4,FALSE),$H76="volume",VLOOKUP($Y76,Densities,5,FALSE),$H76="mass",1,$H76="",""),"enter density manually")} | AB76: {=_xlfn.IFNA(_xlfn.IFS($H76="length","kg/m",$H76="area","kg/m2",$H76="volume","kg/m3",$H76="mass","kg/kg",$H76="",""),"problem")} | AC76: =IF($T76="","",$T76*$AA76) | AD76: =IF($Y76="","",IFERROR(_xlfn.IFNA(IF($H76="volume",$AA76,VLOOKUP($Y76,Densities,5,FALSE)),"enter volumic density manually"),"enter volumic density manually")) | AE76: =IF($Y76="","",IF($AC76="","",$AC76/$AD76)) | AF76: =_xlfn.IFNA(IF($Y76="","",VLOOKUP($Y76,_xlfn.CHOOSECOLS(Material_categories,4,9),2,FALSE)),"Assign material to its type in tab 'Matching of material categories'")
T77: {=_xlfn.IFS(I77="L = L",J77*K77,I77="L = RoT",J77*R77*S77,I77="A = L x H",J77*K77*L77,I77="A = CS",J77*O77,I77="A = A",J77*N77,I77="A = RoT",J77*R77*S77,I77="V = L x H x T",J77*K77*L77*M77,I77="V = L x CS",J77*K77*O77,I77="V = T x A",J77*M77*N77,I77="V = V",J77*P77,I77="V = RoT",J77*R77*S77,I77="M = M",J77*Q77,I77="M = RoT",J77*R77*S77,I77="","")} | U77: {=_xlfn.IFNA(_xlfn.IFS($H77="length","m",$H77="area","m2",$H77="volume","m3",$H77="mass","kg",$H77="",""),"problem")} | AA77: {=_xlfn.IFNA(_xlfn.IFS($H77="Length",VLOOKUP($Y77,Densities,3,FALSE),$H77="area",VLOOKUP($Y77,Densities,4,FALSE),$H77="volume",VLOOKUP($Y77,Densities,5,FALSE),$H77="mass",1,$H77="",""),"enter density manually")} | AB77: {=_xlfn.IFNA(_xlfn.IFS($H77="length","kg/m",$H77="area","kg/m2",$H77="volume","kg/m3",$H77="mass","kg/kg",$H77="",""),"problem")} | AC77: =IF($T77="","",$T77*$AA77) | AD77: =IF($Y77="","",IFERROR(_xlfn.IFNA(IF($H77="volume",$AA77,VLOOKUP($Y77,Densities,5,FALSE)),"enter volumic density manually"),"enter volumic density manually")) | AE77: =IF($Y77="","",IF($AC77="","",$AC77/$AD77)) | AF77: =_xlfn.IFNA(IF($Y77="","",VLOOKUP($Y77,_xlfn.CHOOSECOLS(Material_categories,4,9),2,FALSE)),"Assign material to its type in tab 'Matching of material categories'")
T78: {=_xlfn.IFS(I78="L = L",J78*K78,I78="L = RoT",J78*R78*S78,I78="A = L x H",J78*K78*L78,I78="A = CS",J78*O78,I78="A = A",J78*N78,I78="A = RoT",J78*R78*S78,I78="V = L x H x T",J78*K78*L78*M78,I78="V = L x CS",J78*K78*O78,I78="V = T x A",J78*M78*N78,I78="V = V",J78*P78,I78="V = RoT",J78*R78*S78,I78="M = M",J78*Q78,I78="M = RoT",J78*R78*S78,I78="","")} | U78: {=_xlfn.IFNA(_xlfn.IFS($H78="length","m",$H78="area","m2",$H78="volume","m3",$H78="mass","kg",$H78="",""),"problem")} | AA78: {=_xlfn.IFNA(_xlfn.IFS($H78="Length",VLOOKUP($Y78,Densities,3,FALSE),$H78="area",VLOOKUP($Y78,Densities,4,FALSE),$H78="volume",VLOOKUP($Y78,Densities,5,FALSE),$H78="mass",1,$H78="",""),"enter density manually")} | AB78: {=_xlfn.IFNA(_xlfn.IFS($H78="length","kg/m",$H78="area","kg/m2",$H78="volume","kg/m3",$H78="mass","kg/kg",$H78="",""),"problem")} | AC78: =IF($T78="","",$T78*$AA78) | AD78: =IF($Y78="","",IFERROR(_xlfn.IFNA(IF($H78="volume",$AA78,VLOOKUP($Y78,Densities,5,FALSE)),"enter volumic density manually"),"enter volumic density manually")) | AE78: =IF($Y78="","",IF($AC78="","",$AC78/$AD78)) | AF78: =_xlfn.IFNA(IF($Y78="","",VLOOKUP($Y78,_xlfn.CHOOSECOLS(Material_categories,4,9),2,FALSE)),"Assign material to its type in tab 'Matching of material categories'")
T79: {=_xlfn.IFS(I79="L = L",J79*K79,I79="L = RoT",J79*R79*S79,I79="A = L x H",J79*K79*L79,I79="A = CS",J79*O79,I79="A = A",J79*N79,I79="A = RoT",J79*R79*S79,I79="V = L x H x T",J79*K79*L79*M79,I79="V = L x CS",J79*K79*O79,I79="V = T x A",J79*M79*N79,I79="V = V",J79*P79,I79="V = RoT",J79*R79*S79,I79="M = M",J79*Q79,I79="M = RoT",J79*R79*S79,I79="","")} | U79: {=_xlfn.IFNA(_xlfn.IFS($H79="length","m",$H79="area","m2",$H79="volume","m3",$H79="mass","kg",$H79="",""),"problem")} | AA79: {=_xlfn.IFNA(_xlfn.IFS($H79="Length",VLOOKUP($Y79,Densities,3,FALSE),$H79="area",VLOOKUP($Y79,Densities,4,FALSE),$H79="volume",VLOOKUP($Y79,Densities,5,FALSE),$H79="mass",1,$H79="",""),"enter density manually")} | AB79: {=_xlfn.IFNA(_xlfn.IFS($H79="length","kg/m",$H79="area","kg/m2",$H79="volume","kg/m3",$H79="mass","kg/kg",$H79="",""),"problem")} | AC79: =IF($T79="","",$T79*$AA79) | AD79: =IF($Y79="","",IFERROR(_xlfn.IFNA(IF($H79="volume",$AA79,VLOOKUP($Y79,Densities,5,FALSE)),"enter volumic density manually"),"enter volumic density manually")) | AE79: =IF($Y79="","",IF($AC79="","",$AC79/$AD79)) | AF79: =_xlfn.IFNA(IF($Y79="","",VLOOKUP($Y79,_xlfn.CHOOSECOLS(Material_categories,4,9),2,FALSE)),"Assign material to its type in tab 'Matching of material categories'")
T80: {=_xlfn.IFS(I80="L = L",J80*K80,I80="L = RoT",J80*R80*S80,I80="A = L x H",J80*K80*L80,I80="A = CS",J80*O80,I80="A = A",J80*N80,I80="A = RoT",J80*R80*S80,I80="V = L x H x T",J80*K80*L80*M80,I80="V = L x CS",J80*K80*O80,I80="V = T x A",J80*M80*N80,I80="V = V",J80*P80,I80="V = RoT",J80*R80*S80,I80="M = M",J80*Q80,I80="M = RoT",J80*R80*S80,I80="","")} | U80: {=_xlfn.IFNA(_xlfn.IFS($H80="length","m",$H80="area","m2",$H80="volume","m3",$H80="mass","kg",$H80="",""),"problem")} | AA80: {=_xlfn.IFNA(_xlfn.IFS($H80="Length",VLOOKUP($Y80,Densities,3,FALSE),$H80="area",VLOOKUP($Y80,Densities,4,FALSE),$H80="volume",VLOOKUP($Y80,Densities,5,FALSE),$H80="mass",1,$H80="",""),"enter density manually")} | AB80: {=_xlfn.IFNA(_xlfn.IFS($H80="length","kg/m",$H80="area","kg/m2",$H80="volume","kg/m3",$H80="mass","kg/kg",$H80="",""),"problem")} | AC80: =IF($T80="","",$T80*$AA80) | AD80: =IF($Y80="","",IFERROR(_xlfn.IFNA(IF($H80="volume",$AA80,VLOOKUP($Y80,Densities,5,FALSE)),"enter volumic density manually"),"enter volumic density manually")) | AE80: =IF($Y80="","",IF($AC80="","",$AC80/$AD80)) | AF80: =_xlfn.IFNA(IF($Y80="","",VLOOKUP($Y80,_xlfn.CHOOSECOLS(Material_categories,4,9),2,FALSE)),"Assign material to its type in tab 'Matching of material categories'")
T81: {=_xlfn.IFS(I81="L = L",J81*K81,I81="L = RoT",J81*R81*S81,I81="A = L x H",J81*K81*L81,I81="A = CS",J81*O81,I81="A = A",J81*N81,I81="A = RoT",J81*R81*S81,I81="V = L x H x T",J81*K81*L81*M81,I81="V = L x CS",J81*K81*O81,I81="V = T x A",J81*M81*N81,I81="V = V",J81*P81,I81="V = RoT",J81*R81*S81,I81="M = M",J81*Q81,I81="M = RoT",J81*R81*S81,I81="","")} | U81: {=_xlfn.IFNA(_xlfn.IFS($H81="length","m",$H81="area","m2",$H81="volume","m3",$H81="mass","kg",$H81="",""),"problem")} | AA81: {=_xlfn.IFNA(_xlfn.IFS($H81="Length",VLOOKUP($Y81,Densities,3,FALSE),$H81="area",VLOOKUP($Y81,Densities,4,FALSE),$H81="volume",VLOOKUP($Y81,Densities,5,FALSE),$H81="mass",1,$H81="",""),"enter density manually")} | AB81: {=_xlfn.IFNA(_xlfn.IFS($H81="length","kg/m",$H81="area","kg/m2",$H81="volume","kg/m3",$H81="mass","kg/kg",$H81="",""),"problem")} | AC81: =IF($T81="","",$T81*$AA81) | AD81: =IF($Y81="","",IFERROR(_xlfn.IFNA(IF($H81="volume",$AA81,VLOOKUP($Y81,Densities,5,FALSE)),"enter volumic density manually"),"enter volumic density manually")) | AE81: =IF($Y81="","",IF($AC81="","",$AC81/$AD81)) | AF81: =_xlfn.IFNA(IF($Y81="","",VLOOKUP($Y81,_xlfn.CHOOSECOLS(Material_categories,4,9),2,FALSE)),"Assign material to its type in tab 'Matching of material categories'")
T82: {=_xlfn.IFS(I82="L = L",J82*K82,I82="L = RoT",J82*R82*S82,I82="A = L x H",J82*K82*L82,I82="A = CS",J82*O82,I82="A = A",J82*N82,I82="A = RoT",J82*R82*S82,I82="V = L x H x T",J82*K82*L82*M82,I82="V = L x CS",J82*K82*O82,I82="V = T x A",J82*M82*N82,I82="V = V",J82*P82,I82="V = RoT",J82*R82*S82,I82="M = M",J82*Q82,I82="M = RoT",J82*R82*S82,I82="","")} | U82: {=_xlfn.IFNA(_xlfn.IFS($H82="length","m",$H82="area","m2",$H82="volume","m3",$H82="mass","kg",$H82="",""),"problem")} | AA82: {=_xlfn.IFNA(_xlfn.IFS($H82="Length",VLOOKUP($Y82,Densities,3,FALSE),$H82="area",VLOOKUP($Y82,Densities,4,FALSE),$H82="volume",VLOOKUP($Y82,Densities,5,FALSE),$H82="mass",1,$H82="",""),"enter density manually")} | AB82: {=_xlfn.IFNA(_xlfn.IFS($H82="length","kg/m",$H82="area","kg/m2",$H82="volume","kg/m3",$H82="mass","kg/kg",$H82="",""),"problem")} | AC82: =IF($T82="","",$T82*$AA82) | AD82: =IF($Y82="","",IFERROR(_xlfn.IFNA(IF($H82="volume",$AA82,VLOOKUP($Y82,Densities,5,FALSE)),"enter volumic density manually"),"enter volumic density manually")) | AE82: =IF($Y82="","",IF($AC82="","",$AC82/$AD82)) | AF82: =_xlfn.IFNA(IF($Y82="","",VLOOKUP($Y82,_xlfn.CHOOSECOLS(Material_categories,4,9),2,FALSE)),"Assign material to its type in tab 'Matching of material categories'")
... T2003: {=_xlfn.IFS(I2003="L = L",J2003*K2003,I2003="L = RoT",J2003*R2003*S2003,I2003="A = L x H",J2003*K2003*L2003,I2003="A = CS",J2003*O2003,I2003="A = A",J2003*N2003,I2003="A = RoT",J2003*R2003*S2003,I2003="V = L x H x T",J2003*K2003*L2003*M2003,I2003="V = L x CS",J2003*K2003*O2003,I2003="V = T x A",J2003*M2003*N2003,I2003="V = V",J2003*P2003,I2003="V = RoT",J2003*R2003*S2003,I2003="M = M",J2003*Q2003,I2003="M = RoT",J2003*R2003*S2003,I2003="","")} | U2003: {=_xlfn.IFNA(_xlfn.IFS($H2003="length","m",$H2003="area","m2",$H2003="volume","m3",$H2003="mass","kg",$H2003="",""),"problem")} | AA2003: {=_xlfn.IFNA(_xlfn.IFS($H2003="Length",VLOOKUP($Y2003,Densities,3,FALSE),$H2003="area",VLOOKUP($Y2003,Densities,4,FALSE),$H2003="volume",VLOOKUP($Y2003,Densities,5,FALSE),$H2003="mass",1,$H2003="",""),"enter density manually")} | AB2003: {=_xlfn.IFNA(_xlfn.IFS($H2003="length","kg/m",$H2003="area","kg/m2",$H2003="volume","kg/m3",$H2003="mass","kg/kg",$H2003="",""),"problem")} | AC2003: =IF($T2003="","",$T2003*$AA2003) | AD2003: =IF($Y2003="","",IFERROR(_xlfn.IFNA(IF($H2003="volume",$AA2003,VLOOKUP($Y2003,Densities,5,FALSE)),"enter volumic density manually"),"enter volumic density manually")) | AE2003: =IF($Y2003="","",IF($AC2003="","",$AC2003/$AD2003)) | AF2003: =_xlfn.IFNA(IF($Y2003="","",VLOOKUP($Y2003,_xlfn.CHOOSECOLS(Material_categories,4,9),2,FALSE)),"Assign material to its type in tab 'Matching of material categories'")

Sheet Search materials
A1: The material categorization used in BUD-MI can be consulted below.
A2: Use the find function [CTRL+F] to find a specific material and see to which category it belongs.
A3: Alternatively, use the filter functions in the classification headers (A5, B5, C5, and D5) to locate a specific material.
A4: Finally, the filter function in cell E5 may be used to find synonyms of construction material denominations.
A6: Level 1 | B6: Level 2 | C6: Level 3 | D6: Level 4 | E6: Description and synonyms ⍰
A7: Aggregates sand stones | B7: Aggregates | C7: Aggregates general | D7: Aggregates and sand general | E7: Aggregates, sand
A8: Aggregates sand stones | B8: Aggregates | C8: Aggregates general | D8: Coarse aggregate general | E8: Aggregates, coarse
A9: Aggregates sand stones | B9: Aggregates | C9: Crushed aggregate | D9: Crushed asphalt compact | E9: Asphalt, crushed, compact
A10: Aggregates sand stones | B10: Aggregates | C10: Crushed aggregate | D10: Crushed asphalt loose | E10: Asphalt, crushed, loose
A11: Aggregates sand stones | B11: Aggregates | C11: Crushed aggregate | D11: Crushed clay brick coarse | E11: Clay, brick, crushed, coarse
A12: Aggregates sand stones | B12: Aggregates | C12: Crushed aggregate | D12: Crushed clay brick fine | E12: Clay, Brick, Fine, Crushed
A13: Aggregates sand stones | B13: Aggregates | C13: Crushed aggregate | D13: Crushed concrete | E13: Concrete, crushed
A14: Aggregates sand stones | B14: Aggregates | C14: Crushed aggregate | D14: Crushed dolomite | E14: Dolomite, crushed
A15: Aggregates sand stones | B15: Aggregates | C15: Crushed aggregate | D15: Crushed mixed base compact | E15: Crushed, mixed base, compact
A16: Aggregates sand stones | B16: Aggregates | C16: Crushed aggregate | D16: Crushed mixed base loose | E16: Crushed, mixed base, loose
A17: Aggregates sand stones | B17: Aggregates | C17: Crushed aggregate | D17: Gypsum crushed | E17: Gypsum, crushed
... A516: Windows and doors | B516: Window | C516: Timber frame | D516: Timber frame | E516: Timber frame

Sheet Rules of thumb
N1: Click on the "+" above to display all assumptions and data used in the rules of thumbs.
H2: Concrete building element (Ref. 49-52)
C3: Rules of thumb ⍰ | H3: Concrete building element_L1 | I3: Concrete building element_L2 | J3: Value (kg/m3.RC) | K3: CV (%) | L3: Comments
C4: Rules of thumb are estimates used in the construction industry. | H4: Beams_and_footings | I4: Capping beams | J4: 135 | K4: 0.25 | L4: *Assumed as the maximum stdev of similar elements in this table.
C5: The rules of thumb below are meant to help users fill in the Sheet "Bill of Material" in cases of missing information | H5: Beams_and_footings | I5: Footings | J5: 85 | K5: 0.25
C6: in building documents and plans. | H6: Beams_and_footings | I6: General beams | J6: 300 | K6: 0.236
C7: Close attention should be paid to the unit and to selecting the relevant calculation method in the "Bill of Material". | H7: Beams_and_footings | I7: Ground beams | J7: 255 | K7: 0.226
H8: Beams_and_footings | I8: Pad footings | J8: 80 | K8: 0.177
C9: Mass of steel reinforcement per cubic meter of reinforced concrete (RC) | H9: Beams_and_footings | I9: Tie beams | J9: 150 | K9: 0.189
C10: Select the type of concrete element to which the reinforcement belongs. | H10: Columns_and_piles | I10: Column - general | J10: 302 | K10: 0.547
C11: Concrete element: | D11: Walls | H11: Columns_and_piles | I11: Column - heavy | J11: 400 | K11: 0.547 | L11: *Assumed as the maximum stdev of similar elements in this table.
C12: Specify further: | D12: Wall | H12: Columns_and_piles | I12: Column - light | J12: 100 | K12: 0.547 | L12: *Assumed as the maximum stdev of similar elements in this table.
C13: Value (kg.steel/m3.RC) | D13: =_xlfn.IFNA(VLOOKUP(D12,I4:K25,2,FALSE),"") -> 71 | H13: Columns_and_piles | I13: Column - medium | J13: 350 | K13: 0.547 | L13: *Assumed as the maximum stdev of similar elements in this table.
H14: Columns_and_piles | I14: Pile Caps | J14: 123 | K14: 0.178
C15: Linear density of steel sections | H15: Other_RC_element | I15: Bases | J15: 110 | K15: 0.257
C16: The linear density of typical steel sections can be found in the link below. (Last accessed: 20th Sept 2023) | H16: Other_RC_element | I16: Stairs | J16: 137 | K16: 0.189
C17: Interactive 'Blue Book' | H17: Slabs | I17: General slab | J17: 103 | K17: 0.169
C18: Triple-S Steel - Metals reference guide | H18: Slabs | I18: Mat/raft | J18: 115 | K18: 0.363 | L18: *Assumed as the maximum stdev of similar elements in this table.
H19: Slabs | I19: One-way slab | J19: 100 | K19: 0.354
C20: Mass of materials per square meter of window | H20: Slabs | I20: Plate/flat slabs | J20: 115 | K20: 0.246
C21: Use the relevant calculator below, depending on the window frame under study | H21: Slabs | I21: Ribbed floor/waffle slabs | J21: 100 | K21: 0.283
C22: Aluminum frame | H22: Slabs | I22: Transfer slabs | J22: 150 | K22: 0
C23: Glazing configuration | H23: Slabs | I23: Two-way slab | J23: 94 | K23: 0.363
C24: aluminum (kg/m2.window) | D24: =IF(D23="","",J31) | H24: Walls | I24: Retaining Wall | J24: 115 | K24: 0.18
C25: glass (kg/m2.window) | D25: =IFERROR(IF(D23="","",(J32*IF(D23="single",1,IF(D23="double",2,IF(D23="triple",3,"enter glazing information"))))),"") | H25: Walls | I25: Wall | J25: 71 | K25: 0.325
C27: PVC frame | H27: Windows
C28: Glazing configuration | H28: Window frame | I28: Material | J28: kg.mat/m2.window | K28: CV (%) | L28: Reference
C29: PVC (kg/m2.window) | D29: =IF(D28="","",J33) | H29: Wood | I29: wood | J29: 9.9 | K29: 0.256 | L29: Ref. 73,74,78-84
C30: steel (kg/m2.window) | D30: =IF(D28="","",J34) | H30: (per glass layer) | I30: glass | J30: 8 | K30: 0.068 | L30: Ref. 73,74,78-84
C31: glass (kg/m2.window) | D31: =IFERROR(IF(D28="","",(J35*IF(D28="single",1,IF(D28="double",2,IF(D28="triple",3,"enter glazing information"))))),"") | H31: Aluminum | I31: aluminum | J31: 14 | K31: 0.057 | L31: Ref. 73,74,78-84
H32: (per glass layer) | I32: glass | J32: 8.9 | K32: 0.12 | L32: Ref. 73,74,78-84
C33: Timber frame | H33: PVC | I33: PVC | J33: 9.1 | K33: 0.022 | L33: Ref. 73,74,78-84
C34: Glazing configuration | I34: Steel | J34: 6.1 | K34: 0.071 | L34: Ref. 73,74,78-84
C35: Timber (kg/m2.window) | D35: =IF(D34="","",J29) | H35: (per glass layer) | I35: glass | J35: 8 | K35: 0.095 | L35: Ref. 73,74,78-84
C36: glass (kg/m2.window) | D36: =IFERROR(IF(D34="","",(J30*IF(D34="single",1,IF(D34="double",2,IF(D34="triple",3,"enter glazing information"))))),"")
H37: Mortar
C38: See also Parkglass' glass weight calculator here | H38: • Volumic ratio of mortar in masonry work (Ref. 72)
H39: Type of masonry | I39: m3.mortar/m3.masonry | J39: m3.block_or_brick/m3.masonry
C40: Volume distribution in masonry | H40: Block | I40: =0.07 -> 0.07 | J40: 0.93
C41: Specify the type of masonry (block or brick) below. | H41: Brick | I41: 0.17 | J41: 0.83
C42: Type
C43: Mortar (m3/m3.masonry) | D43: =_xlfn.IFNA(VLOOKUP(D42,H40:J41,2,FALSE),"") | H43: • Plaster Stud wall (Ref. 72)
C44: Brick/block (m3/m3.masonry) | D44: =_xlfn.IFNA(VLOOKUP(D42,H40:J41,3,FALSE),"") | H44: Formula used: Linear_length_studs=((Wall_length)/CC+1)*Wall_Height+2*Wall_length
C46: Studs in walls and ceilings | H46: • Mortar class II: composition and weight ratio (Ref. 72)
C47: Studs in ceiling, external, and light walls (kg/m2) | H47: Aggregate | I47: 1200 | J47: 0.52
C48: Material | H48: Water | I48: 176 | J48: 0.08
C49: System
C50: kg/m2.system | D50: =_xlfn.IFNA(IF(D48="","",IF(D49="","",VLOOKUP(D48&"_"&D49,J60:K65,2,FALSE))),"") | H50: • Studs in walls and ceilings
H51: Material | I51: System | J51: For Vlookup | K51: kg/m2
C52: Total length of studs in plaster walls | H52: Sand | I52: 0.78
C53: Enter length and height of plaster wall below, in meters. | H53: Cement | I53: 0.22
C54: Note: c-c is the distance between studs center-to-center (in meters), typically around 0.4m.
C55: Wall length (m)
C56: Wall height (m) | H56: • Concrete mixed on site (Ref. 72)
C57: c-c (m) | I57: kg/m3.concrete | J57: Weight ratio
C58: Linear meters of studs (m) | D58: =IF(OR(D55="",D56="",D57=""),"",((D55/D57)+1)*D56+2*D55) | H58: Cement | I58: 320 | J58: 0.14
H59: Sharp sand | I59: 600 | J59: 0.26
C60: Calculation of roof area | H60: Wood studs | I60: External wall | J60: Wood studs_External wall | K60: 10.25 | L60: Refs. 33, 53
C61: Areas of hip, gable, and shed roofs can be calculated using the link below (last accessed: 20th Sept 2023) | H61: Wood studs | I61: Lightwall 100mm | J61: Wood studs_Lightwall 100mm | K61: 6.37 | L61: Refs. 33, 53
C62: Roof area calculator | H62: Steel studs | I62: Ceiling | J62: Steel studs_Ceiling | K62: 8.39 | L62: Ref. 158
H63: Steel studs | I63: External wall | J63: Steel studs_External wall | K63: 8.3 | L63: Ref. 158
C64: Engineered wood products - self weight | H64: Steel studs | I64: Lightwall 100mm | J64: Steel studs_Lightwall 100mm | K64: 1.44 | L64: Ref. 158
C65: Linear density of common engineered wood products can be found in the link below (last accessed: 01 March 2024). | H65: Steel studs | I65: Lightwall 80mm | J65: Steel studs_Lightwall 80mm | K65: 1.73 | L65: Ref. 158
C66: Note that units are in pounds per feet and should be converted into the International System of Units.
C67: Weyerhaeuser engineered lumber

Sheet Results - summary
C3: SUMMARY of RESULTS
C5: • Material intensities (in kg or m3 per dimensional unit)
D7: Whole building | F7: Structure | H7: Skin | J7: Space
D8: kg.material | E8: m3.material | F8: kg.material | G8: m3.material | H8: kg.material | I8: m3.material | J8: kg.material | K8: m3.material
C9: per m2.GEFA | D9: =IFERROR(1000*D28/'Building information'!$H$39,"error in BoM or GEFA missing") -> 1302.9044 | E9: =IFERROR(1000*R28/'Building information'!$H$39,"error in BoM or GEFA missing") -> 735.29823 | F9: =IFERROR(1000*G28/'Building information'!$H$39,"error in BoM or GEFA missing") -> 820.65401 | G9: =IFERROR(1000*U28/'Building information'!$H$39,"error in BoM or GEFA missing") -> 416.67696 | H9: =IFERROR(1000*J28/'Building information'!$H$39,"error in BoM or GEFA missing") -> 392.84297 | I9: =IFERROR(1000*X28/'Building information'!$H$39,"error in BoM or GEFA missing") -> 262.15263 | J9: =IFERROR(1000*M28/'Building information'!$H$39,"error in BoM or GEFA missing") -> 89.407376 | K9: =IFERROR(1000*AA28/'Building information'!$H$39,"error in BoM or GEFA missing") -> 56.468637
C10: per m2.NFA | D10: =IFERROR(1000*D28/'Building information'!$H$41,"error in BoM or NFA missing") -> 1408.7425 | E10: =IFERROR(1000*R28/'Building information'!$H$41,"error in BoM or NFA missing") -> 795.02834 | F10: =IFERROR(1000*G28/'Building information'!$H$41,"error in BoM or NFA missing") -> 887.31778 | G10: =IFERROR(1000*U28/'Building information'!$H$41,"error in BoM or NFA missing") -> 450.52467 | H10: =IFERROR(1000*J28/'Building information'!$H$41,"error in BoM or NFA missing") -> 424.75459 | I10: =IFERROR(1000*X28/'Building information'!$H$41,"error in BoM or NFA missing") -> 283.44794 | J10: =IFERROR(1000*M28/'Building information'!$H$41,"error in BoM or NFA missing") -> 96.67016 | K10: =IFERROR(1000*AA28/'Building information'!$H$41,"error in BoM or NFA missing") -> 61.055725
C11: per m3.GV_aboveground | D11: =IFERROR(1000*D28/'Building information'!$E$47,"error in BoM or GV_aboveground missing") -> 299.71459 | E11: =IFERROR(1000*R28/'Building information'!$E$47,"error in BoM or GV_aboveground missing") -> 169.14488 | F11: =IFERROR(1000*G28/'Building information'!$E$47,"error in BoM or GV_aboveground missing") -> 188.77977 | G11: =IFERROR(1000*U28/'Building information'!$E$47,"error in BoM or GV_aboveground missing") -> 95.850601 | H11: =IFERROR(1000*J28/'Building information'!$E$47,"error in BoM or GV_aboveground missing") -> 90.367931 | I11: =IFERROR(1000*X28/'Building information'!$E$47,"error in BoM or GV_aboveground missing") -> 60.304478 | J11: =IFERROR(1000*M28/'Building information'!$E$47,"error in BoM or GV_aboveground missing") -> 20.566893 | K11: =IFERROR(1000*AA28/'Building information'!$E$47,"error in BoM or GV_aboveground missing") -> 12.989806
C13: • Weight (tons) and volume (m3) of materials across layers
C15: Weight | D15: Whole building | G15: Structure | J15: Skin | M15: Space | Q15: Volume | R15: Whole building | U15: Structure | X15: Skin | AA15: Space
C16: (tons) | D16: Total | E16: Super | F16: Sub | G16: Total | H16: Super | I16: Sub | J16: Total | K16: Super | L16: Sub | M16: Total | N16: Super | O16: Sub | Q16: (m3) | R16: Total | S16: Super | T16: Sub | U16: Total | V16: Super | W16: Sub | X16: Total | Y16: Super | Z16: Sub | AA16: Total | AB16: Super | AC16: Sub
C17: Aggregates, sand, stones | D17: =SUMIF(BoM_material_summary,$C17,BoM_weight)/1000 -> 99.53916 | E17: =SUMIFS(BoM_weight,BoM_material_summary,$C17,BoM_vertical,'Results - summary'!E$16)/1000 -> 0 | F17: =SUMIFS(BoM_weight,BoM_material_summary,$C17,BoM_vertical,'Results - summary'!F$16)/1000 -> 99.53916 | G17: =SUMIFS(BoM_weight,BoM_material_summary,$C17,BoM_layer,G$15)/1000 -> 99.53916 | H17: =SUMIFS(BoM_weight,BoM_material_summary,$C17,BoM_layer,G$15,BoM_vertical,H$16)/1000 -> 0 | I17: =SUMIFS(BoM_weight,BoM_material_summary,$C17,BoM_layer,G$15,BoM_vertical,I$16)/1000 -> 99.53916 | J17: =SUMIFS(BoM_weight,BoM_material_summary,$C17,BoM_layer,J$15)/1000 -> 0 | K17: =SUMIFS(BoM_weight,BoM_material_summary,$C17,BoM_layer,J$15,BoM_vertical,K$16)/1000 -> 0 | L17: =SUMIFS(BoM_weight,BoM_material_summary,$C17,BoM_layer,J$15,BoM_vertical,L$16)/1000 -> 0 | M17: =SUMIFS(BoM_weight,BoM_material_summary,$C17,BoM_layer,M$15)/1000 -> 0 | N17: =SUMIFS(BoM_weight,BoM_material_summary,$C17,BoM_layer,M$15,BoM_vertical,N$16)/1000 -> 0 | O17: =SUMIFS(BoM_weight,BoM_material_summary,$C17,BoM_layer,M$15,BoM_vertical,O$16)/1000 -> 0 | Q17: Aggregates, sand, stones | R17: =SUMIF(BoM_material_summary,$C17,BoM_volume) -> 59.64 | S17: =SUMIFS(BoM_volume,BoM_material_summary,$Q17,BoM_vertical,'Results - summary'!S$16) -> 0 | T17: =SUMIFS(BoM_volume,BoM_material_summary,$Q17,BoM_vertical,'Results - summary'!T$16) -> 59.64 | U17: =SUMIFS(BoM_volume,BoM_material_summary,$C17,BoM_layer,G$15) -> 59.64 | V17: =SUMIFS(BoM_volume,BoM_material_summary,$Q17,BoM_layer,U$15,BoM_vertical,'Results - summary'!V$16) -> 0 | W17: =SUMIFS(BoM_volume,BoM_material_summary,$Q17,BoM_layer,U$15,BoM_vertical,'Results - summary'!W$16) -> 59.64 | X17: =SUMIFS(BoM_volume,BoM_material_summary,$C17,BoM_layer,J$15) -> 0 | Y17: =SUMIFS(BoM_volume,BoM_material_summary,$Q17,BoM_layer,X$15,BoM_vertical,'Results - summary'!Y$16) -> 0 | Z17: =SUMIFS(BoM_volume,BoM_material_summary,$Q17,BoM_layer,X$15,BoM_vertical,'Results - summary'!Z$16) -> 0 | AA17: =SUMIFS(BoM_volume,BoM_material_summary,$C17,BoM_layer,M$15) -> 0 | AB17: =SUMIFS(BoM_volume,BoM_material_summary,$Q17,BoM_layer,AA$15,BoM_vertical,'Results - summary'!AB$16) -> 0 | AC17: =SUMIFS(BoM_volume,BoM_material_summary,$Q17,BoM_layer,AA$15,BoM_vertical,'Results - summary'!AC$16) -> 0
C18: Bio-based | D18: =SUMIF(BoM_material_summary,$C18,BoM_weight)/1000 -> 11.128744 | E18: =SUMIFS(BoM_weight,BoM_material_summary,$C18,BoM_vertical,'Results - summary'!E$16)/1000 -> 11.128744 | F18: =SUMIFS(BoM_weight,BoM_material_summary,$C18,BoM_vertical,'Results - summary'!F$16)/1000 -> 0 | G18: =SUMIFS(BoM_weight,BoM_material_summary,$C18,BoM_layer,G$15)/1000 -> 10.172442 | H18: =SUMIFS(BoM_weight,BoM_material_summary,$C18,BoM_layer,G$15,BoM_vertical,H$16)/1000 -> 10.172442 | I18: =SUMIFS(BoM_weight,BoM_material_summary,$C18,BoM_layer,G$15,BoM_vertical,I$16)/1000 -> 0 | J18: =SUMIFS(BoM_weight,BoM_material_summary,$C18,BoM_layer,J$15)/1000 -> 0.71894012 | K18: =SUMIFS(BoM_weight,BoM_material_summary,$C18,BoM_layer,J$15,BoM_vertical,K$16)/1000 -> 0.71894012 | L18: =SUMIFS(BoM_weight,BoM_material_summary,$C18,BoM_layer,J$15,BoM_vertical,L$16)/1000 -> 0 | M18: =SUMIFS(BoM_weight,BoM_material_summary,$C18,BoM_layer,M$15)/1000 -> 0.23736276 | N18: =SUMIFS(BoM_weight,BoM_material_summary,$C18,BoM_layer,M$15,BoM_vertical,N$16)/1000 -> 0.23736276 | O18: =SUMIFS(BoM_weight,BoM_material_summary,$C18,BoM_layer,M$15,BoM_vertical,O$16)/1000 -> 0 | Q18: Bio-based | R18: =SUMIF(BoM_material_summary,$C18,BoM_volume) -> 21.199196 | S18: =SUMIFS(BoM_volume,BoM_material_summary,$Q18,BoM_vertical,'Results - summary'!S$16) -> 21.199196 | T18: =SUMIFS(BoM_volume,BoM_material_summary,$Q18,BoM_vertical,'Results - summary'!T$16) -> 0 | U18: =SUMIFS(BoM_volume,BoM_material_summary,$C18,BoM_layer,G$15) -> 19.339242 | V18: =SUMIFS(BoM_volume,BoM_material_summary,$Q18,BoM_layer,U$15,BoM_vertical,'Results - summary'!V$16) -> 19.339242 | W18: =SUMIFS(BoM_volume,BoM_material_summary,$Q18,BoM_layer,U$15,BoM_vertical,'Results - summary'!W$16) -> 0 | X18: =SUMIFS(BoM_volume,BoM_material_summary,$C18,BoM_layer,J$15) -> 1.4086931 | Y18: =SUMIFS(BoM_volume,BoM_material_summary,$Q18,BoM_layer,X$15,BoM_vertical,'Results - summary'!Y$16) -> 1.4086931 | Z18: =SUMIFS(BoM_volume,BoM_material_summary,$Q18,BoM_layer,X$15,BoM_vertical,'Results - summary'!Z$16) -> 0 | AA18: =SUMIFS(BoM_volume,BoM_material_summary,$C18,BoM_layer,M$15) -> 0.45126 | AB18: =SUMIFS(BoM_volume,BoM_material_summary,$Q18,BoM_layer,AA$15,BoM_vertical,'Results - summary'!AB$16) -> 0.45126 | AC18: =SUMIFS(BoM_volume,BoM_material_summary,$Q18,BoM_layer,AA$15,BoM_vertical,'Results - summary'!AC$16) -> 0
C19: Bricks and ceramics | D19: =SUMIF(BoM_material_summary,$C19,BoM_weight)/1000 -> 95.37825 | E19: =SUMIFS(BoM_weight,BoM_material_summary,$C19,BoM_vertical,'Results - summary'!E$16)/1000 -> 95.37825 | F19: =SUMIFS(BoM_weight,BoM_material_summary,$C19,BoM_vertical,'Results - summary'!F$16)/1000 -> 0 | G19: =SUMIFS(BoM_weight,BoM_material_summary,$C19,BoM_layer,G$15)/1000 -> 0 | H19: =SUMIFS(BoM_weight,BoM_material_summary,$C19,BoM_layer,G$15,BoM_vertical,H$16)/1000 -> 0 | I19: =SUMIFS(BoM_weight,BoM_material_summary,$C19,BoM_layer,G$15,BoM_vertical,I$16)/1000 -> 0 | J19: =SUMIFS(BoM_weight,BoM_material_summary,$C19,BoM_layer,J$15)/1000 -> 64.45725 | K19: =SUMIFS(BoM_weight,BoM_material_summary,$C19,BoM_layer,J$15,BoM_vertical,K$16)/1000 -> 64.45725 | L19: =SUMIFS(BoM_weight,BoM_material_summary,$C19,BoM_layer,J$15,BoM_vertical,L$16)/1000 -> 0 | M19: =SUMIFS(BoM_weight,BoM_material_summary,$C19,BoM_layer,M$15)/1000 -> 30.921 | N19: =SUMIFS(BoM_weight,BoM_material_summary,$C19,BoM_layer,M$15,BoM_vertical,N$16)/1000 -> 30.921 | O19: =SUMIFS(BoM_weight,BoM_material_summary,$C19,BoM_layer,M$15,BoM_vertical,O$16)/1000 -> 0 | Q19: Bricks and ceramics | R19: =SUMIF(BoM_material_summary,$C19,BoM_volume) -> 57.805 | S19: =SUMIFS(BoM_volume,BoM_material_summary,$Q19,BoM_vertical,'Results - summary'!S$16) -> 57.805 | T19: =SUMIFS(BoM_volume,BoM_material_summary,$Q19,BoM_vertical,'Results - summary'!T$16) -> 0 | U19: =SUMIFS(BoM_volume,BoM_material_summary,$C19,BoM_layer,G$15) -> 0 | V19: =SUMIFS(BoM_volume,BoM_material_summary,$Q19,BoM_layer,U$15,BoM_vertical,'Results - summary'!V$16) -> 0 | W19: =SUMIFS(BoM_volume,BoM_material_summary,$Q19,BoM_layer,U$15,BoM_vertical,'Results - summary'!W$16) -> 0 | X19: =SUMIFS(BoM_volume,BoM_material_summary,$C19,BoM_layer,J$15) -> 39.065 | Y19: =SUMIFS(BoM_volume,BoM_material_summary,$Q19,BoM_layer,X$15,BoM_vertical,'Results - summary'!Y$16) -> 39.065 | Z19: =SUMIFS(BoM_volume,BoM_material_summary,$Q19,BoM_layer,X$15,BoM_vertical,'Results - summary'!Z$16) -> 0 | AA19: =SUMIFS(BoM_volume,BoM_material_summary,$C19,BoM_layer,M$15) -> 18.74 | AB19: =SUMIFS(BoM_volume,BoM_material_summary,$Q19,BoM_layer,AA$15,BoM_vertical,'Results - summary'!AB$16) -> 18.74 | AC19: =SUMIFS(BoM_volume,BoM_material_summary,$Q19,BoM_layer,AA$15,BoM_vertical,'Results - summary'!AC$16) -> 0
C20: Concrete and cementitious | D20: =SUMIF(BoM_material_summary,$C20,BoM_weight)/1000 -> 257.96096 | E20: =SUMIFS(BoM_weight,BoM_material_summary,$C20,BoM_vertical,'Results - summary'!E$16)/1000 -> 80.985772 | F20: =SUMIFS(BoM_weight,BoM_material_summary,$C20,BoM_vertical,'Results - summary'!F$16)/1000 -> 176.97519 | G20: =SUMIFS(BoM_weight,BoM_material_summary,$C20,BoM_layer,G$15)/1000 -> 177.03556 | H20: =SUMIFS(BoM_weight,BoM_material_summary,$C20,BoM_layer,G$15,BoM_vertical,H$16)/1000 -> 0.060372 | I20: =SUMIFS(BoM_weight,BoM_material_summary,$C20,BoM_layer,G$15,BoM_vertical,I$16)/1000 -> 176.97519 | J20: =SUMIFS(BoM_weight,BoM_material_summary,$C20,BoM_layer,J$15)/1000 -> 80.648988 | K20: =SUMIFS(BoM_weight,BoM_material_summary,$C20,BoM_layer,J$15,BoM_vertical,K$16)/1000 -> 80.648988 | L20: =SUMIFS(BoM_weight,BoM_material_summary,$C20,BoM_layer,J$15,BoM_vertical,L$16)/1000 -> 0 | M20: =SUMIFS(BoM_weight,BoM_material_summary,$C20,BoM_layer,M$15)/1000 -> 0.2764125 | N20: =SUMIFS(BoM_weight,BoM_material_summary,$C20,BoM_layer,M$15,BoM_vertical,N$16)/1000 -> 0.2764125 | O20: =SUMIFS(BoM_weight,BoM_material_summary,$C20,BoM_layer,M$15,BoM_vertical,O$16)/1000 -> 0 | Q20: Concrete and cementitious | R20: =SUMIF(BoM_material_summary,$C20,BoM_volume) -> 114.15732 | S20: =SUMIFS(BoM_volume,BoM_material_summary,$Q20,BoM_vertical,'Results - summary'!S$16) -> 40.417655 | T20: =SUMIFS(BoM_volume,BoM_material_summary,$Q20,BoM_vertical,'Results - summary'!T$16) -> 73.739662 | U20: =SUMIFS(BoM_volume,BoM_material_summary,$C20,BoM_layer,G$15) -> 73.764817 | V20: =SUMIFS(BoM_volume,BoM_material_summary,$Q20,BoM_layer,U$15,BoM_vertical,'Results - summary'!V$16) -> 0.025155 | W20: =SUMIFS(BoM_volume,BoM_material_summary,$Q20,BoM_layer,U$15,BoM_vertical,'Results - summary'!W$16) -> 73.739662 | X20: =SUMIFS(BoM_volume,BoM_material_summary,$C20,BoM_layer,J$15) -> 40.277328 | Y20: =SUMIFS(BoM_volume,BoM_material_summary,$Q20,BoM_layer,X$15,BoM_vertical,'Results - summary'!Y$16) -> 40.277328 | Z20: =SUMIFS(BoM_volume,BoM_material_summary,$Q20,BoM_layer,X$15,BoM_vertical,'Results - summary'!Z$16) -> 0 | AA20: =SUMIFS(BoM_volume,BoM_material_summary,$C20,BoM_layer,M$15) -> 0.11517188 | AB20: =SUMIFS(BoM_volume,BoM_material_summary,$Q20,BoM_layer,AA$15,BoM_vertical,'Results - summary'!AB$16) -> 0.11517188 | AC20: =SUMIFS(BoM_volume,BoM_material_summary,$Q20,BoM_layer,AA$15,BoM_vertical,'Results - summary'!AC$16) -> 0
C21: Glass-based | D21: =SUMIF(BoM_material_summary,$C21,BoM_weight)/1000 -> 1.7603256 | E21: =SUMIFS(BoM_weight,BoM_material_summary,$C21,BoM_vertical,'Results - summary'!E$16)/1000 -> 1.7603256 | F21: =SUMIFS(BoM_weight,BoM_material_summary,$C21,BoM_vertical,'Results - summary'!F$16)/1000 -> 0 | G21: =SUMIFS(BoM_weight,BoM_material_summary,$C21,BoM_layer,G$15)/1000 -> 0 | H21: =SUMIFS(BoM_weight,BoM_material_summary,$C21,BoM_layer,G$15,BoM_vertical,H$16)/1000 -> 0 | I21: =SUMIFS(BoM_weight,BoM_material_summary,$C21,BoM_layer,G$15,BoM_vertical,I$16)/1000 -> 0 | J21: =SUMIFS(BoM_weight,BoM_material_summary,$C21,BoM_layer,J$15)/1000 -> 1.7603256 | K21: =SUMIFS(BoM_weight,BoM_material_summary,$C21,BoM_layer,J$15,BoM_vertical,K$16)/1000 -> 1.7603256 | L21: =SUMIFS(BoM_weight,BoM_material_summary,$C21,BoM_layer,J$15,BoM_vertical,L$16)/1000 -> 0 | M21: =SUMIFS(BoM_weight,BoM_material_summary,$C21,BoM_layer,M$15)/1000 -> 0 | N21: =SUMIFS(BoM_weight,BoM_material_summary,$C21,BoM_layer,M$15,BoM_vertical,N$16)/1000 -> 0 | O21: =SUMIFS(BoM_weight,BoM_material_summary,$C21,BoM_layer,M$15,BoM_vertical,O$16)/1000 -> 0 | Q21: Glass-based | R21: =SUMIF(BoM_material_summary,$C21,BoM_volume) -> 0.69578088 | S21: =SUMIFS(BoM_volume,BoM_material_summary,$Q21,BoM_vertical,'Results - summary'!S$16) -> 0.69578088 | T21: =SUMIFS(BoM_volume,BoM_material_summary,$Q21,BoM_vertical,'Results - summary'!T$16) -> 0 | U21: =SUMIFS(BoM_volume,BoM_material_summary,$C21,BoM_layer,G$15) -> 0 | V21: =SUMIFS(BoM_volume,BoM_material_summary,$Q21,BoM_layer,U$15,BoM_vertical,'Results - summary'!V$16) -> 0 | W21: =SUMIFS(BoM_volume,BoM_material_summary,$Q21,BoM_layer,U$15,BoM_vertical,'Results - summary'!W$16) -> 0 | X21: =SUMIFS(BoM_volume,BoM_material_summary,$C21,BoM_layer,J$15) -> 0.69578088 | Y21: =SUMIFS(BoM_volume,BoM_material_summary,$Q21,BoM_layer,X$15,BoM_vertical,'Results - summary'!Y$16) -> 0.69578088 | Z21: =SUMIFS(BoM_volume,BoM_material_summary,$Q21,BoM_layer,X$15,BoM_vertical,'Results - summary'!Z$16) -> 0 | AA21: =SUMIFS(BoM_volume,BoM_material_summary,$C21,BoM_layer,M$15) -> 0 | AB21: =SUMIFS(BoM_volume,BoM_material_summary,$Q21,BoM_layer,AA$15,BoM_vertical,'Results - summary'!AB$16) -> 0 | AC21: =SUMIFS(BoM_volume,BoM_material_summary,$Q21,BoM_layer,AA$15,BoM_vertical,'Results - summary'!AC$16) -> 0
C22: Gypsum-based | D22: =SUMIF(BoM_material_summary,$C22,BoM_weight)/1000 -> 7.2870903 | E22: =SUMIFS(BoM_weight,BoM_material_summary,$C22,BoM_vertical,'Results - summary'!E$16)/1000 -> 7.2870903 | F22: =SUMIFS(BoM_weight,BoM_material_summary,$C22,BoM_vertical,'Results - summary'!F$16)/1000 -> 0 | G22: =SUMIFS(BoM_weight,BoM_material_summary,$C22,BoM_layer,G$15)/1000 -> 4.3979747 | H22: =SUMIFS(BoM_weight,BoM_material_summary,$C22,BoM_layer,G$15,BoM_vertical,H$16)/1000 -> 4.3979747 | I22: =SUMIFS(BoM_weight,BoM_material_summary,$C22,BoM_layer,G$15,BoM_vertical,I$16)/1000 -> 0 | J22: =SUMIFS(BoM_weight,BoM_material_summary,$C22,BoM_layer,J$15)/1000 -> 2.4827057 | K22: =SUMIFS(BoM_weight,BoM_material_summary,$C22,BoM_layer,J$15,BoM_vertical,K$16)/1000 -> 2.4827057 | L22: =SUMIFS(BoM_weight,BoM_material_summary,$C22,BoM_layer,J$15,BoM_vertical,L$16)/1000 -> 0 | M22: =SUMIFS(BoM_weight,BoM_material_summary,$C22,BoM_layer,M$15)/1000 -> 0.40641 | N22: =SUMIFS(BoM_weight,BoM_material_summary,$C22,BoM_layer,M$15,BoM_vertical,N$16)/1000 -> 0.40641 | O22: =SUMIFS(BoM_weight,BoM_material_summary,$C22,BoM_layer,M$15,BoM_vertical,O$16)/1000 -> 0 | Q22: Gypsum-based | R22: =SUMIF(BoM_material_summary,$C22,BoM_volume) -> 7.835581 | S22: =SUMIFS(BoM_volume,BoM_material_summary,$Q22,BoM_vertical,'Results - summary'!S$16) -> 7.835581 | T22: =SUMIFS(BoM_volume,BoM_material_summary,$Q22,BoM_vertical,'Results - summary'!T$16) -> 0 | U22: =SUMIFS(BoM_volume,BoM_material_summary,$C22,BoM_layer,G$15) -> 4.729005 | V22: =SUMIFS(BoM_volume,BoM_material_summary,$Q22,BoM_layer,U$15,BoM_vertical,'Results - summary'!V$16) -> 4.729005 | W22: =SUMIFS(BoM_volume,BoM_material_summary,$Q22,BoM_layer,U$15,BoM_vertical,'Results - summary'!W$16) -> 0 | X22: =SUMIFS(BoM_volume,BoM_material_summary,$C22,BoM_layer,J$15) -> 2.669576 | Y22: =SUMIFS(BoM_volume,BoM_material_summary,$Q22,BoM_layer,X$15,BoM_vertical,'Results - summary'!Y$16) -> 2.669576 | Z22: =SUMIFS(BoM_volume,BoM_material_summary,$Q22,BoM_layer,X$15,BoM_vertical,'Results - summary'!Z$16) -> 0 | AA22: =SUMIFS(BoM_volume,BoM_material_summary,$C22,BoM_layer,M$15) -> 0.437 | AB22: =SUMIFS(BoM_volume,BoM_material_summary,$Q22,BoM_layer,AA$15,BoM_vertical,'Results - summary'!AB$16) -> 0.437 | AC22: =SUMIFS(BoM_volume,BoM_material_summary,$Q22,BoM_layer,AA$15,BoM_vertical,'Results - summary'!AC$16) -> 0
C23: Insulation wools | D23: =SUMIF(BoM_material_summary,$C23,BoM_weight)/1000 -> 1.218907 | E23: =SUMIFS(BoM_weight,BoM_material_summary,$C23,BoM_vertical,'Results - summary'!E$16)/1000 -> 1.218907 | F23: =SUMIFS(BoM_weight,BoM_material_summary,$C23,BoM_vertical,'Results - summary'!F$16)/1000 -> 0 | G23: =SUMIFS(BoM_weight,BoM_material_summary,$C23,BoM_layer,G$15)/1000 -> 0 | H23: =SUMIFS(BoM_weight,BoM_material_summary,$C23,BoM_layer,G$15,BoM_vertical,H$16)/1000 -> 0 | I23: =SUMIFS(BoM_weight,BoM_material_summary,$C23,BoM_layer,G$15,BoM_vertical,I$16)/1000 -> 0 | J23: =SUMIFS(BoM_weight,BoM_material_summary,$C23,BoM_layer,J$15)/1000 -> 1.124032 | K23: =SUMIFS(BoM_weight,BoM_material_summary,$C23,BoM_layer,J$15,BoM_vertical,K$16)/1000 -> 1.124032 | L23: =SUMIFS(BoM_weight,BoM_material_summary,$C23,BoM_layer,J$15,BoM_vertical,L$16)/1000 -> 0 | M23: =SUMIFS(BoM_weight,BoM_material_summary,$C23,BoM_layer,M$15)/1000 -> 0.094875 | N23: =SUMIFS(BoM_weight,BoM_material_summary,$C23,BoM_layer,M$15,BoM_vertical,N$16)/1000 -> 0.094875 | O23: =SUMIFS(BoM_weight,BoM_material_summary,$C23,BoM_layer,M$15,BoM_vertical,O$16)/1000 -> 0 | Q23: Insulation wools | R23: =SUMIF(BoM_material_summary,$C23,BoM_volume) -> 15.7754 | S23: =SUMIFS(BoM_volume,BoM_material_summary,$Q23,BoM_vertical,'Results - summary'!S$16) -> 15.7754 | T23: =SUMIFS(BoM_volume,BoM_material_summary,$Q23,BoM_vertical,'Results - summary'!T$16) -> 0 | U23: =SUMIFS(BoM_volume,BoM_material_summary,$C23,BoM_layer,G$15) -> 0 | V23: =SUMIFS(BoM_volume,BoM_material_summary,$Q23,BoM_layer,U$15,BoM_vertical,'Results - summary'!V$16) -> 0 | W23: =SUMIFS(BoM_volume,BoM_material_summary,$Q23,BoM_layer,U$15,BoM_vertical,'Results - summary'!W$16) -> 0 | X23: =SUMIFS(BoM_volume,BoM_material_summary,$C23,BoM_layer,J$15) -> 14.0504 | Y23: =SUMIFS(BoM_volume,BoM_material_summary,$Q23,BoM_layer,X$15,BoM_vertical,'Results - summary'!Y$16) -> 14.0504 | Z23: =SUMIFS(BoM_volume,BoM_material_summary,$Q23,BoM_layer,X$15,BoM_vertical,'Results - summary'!Z$16) -> 0 | AA23: =SUMIFS(BoM_volume,BoM_material_summary,$C23,BoM_layer,M$15) -> 1.725 | AB23: =SUMIFS(BoM_volume,BoM_material_summary,$Q23,BoM_layer,AA$15,BoM_vertical,'Results - summary'!AB$16) -> 1.725 | AC23: =SUMIFS(BoM_volume,BoM_material_summary,$Q23,BoM_layer,AA$15,BoM_vertical,'Results - summary'!AC$16) -> 0
C24: Metal - others | D24: =SUMIF(BoM_material_summary,$C24,BoM_weight)/1000 -> 0 | E24: =SUMIFS(BoM_weight,BoM_material_summary,$C24,BoM_vertical,'Results - summary'!E$16)/1000 -> 0 | F24: =SUMIFS(BoM_weight,BoM_material_summary,$C24,BoM_vertical,'Results - summary'!F$16)/1000 -> 0 | G24: =SUMIFS(BoM_weight,BoM_material_summary,$C24,BoM_layer,G$15)/1000 -> 0 | H24: =SUMIFS(BoM_weight,BoM_material_summary,$C24,BoM_layer,G$15,BoM_vertical,H$16)/1000 -> 0 | I24: =SUMIFS(BoM_weight,BoM_material_summary,$C24,BoM_layer,G$15,BoM_vertical,I$16)/1000 -> 0 | J24: =SUMIFS(BoM_weight,BoM_material_summary,$C24,BoM_layer,J$15)/1000 -> 0 | K24: =SUMIFS(BoM_weight,BoM_material_summary,$C24,BoM_layer,J$15,BoM_vertical,K$16)/1000 -> 0 | L24: =SUMIFS(BoM_weight,BoM_material_summary,$C24,BoM_layer,J$15,BoM_vertical,L$16)/1000 -> 0 | M24: =SUMIFS(BoM_weight,BoM_material_summary,$C24,BoM_layer,M$15)/1000 -> 0 | N24: =SUMIFS(BoM_weight,BoM_material_summary,$C24,BoM_layer,M$15,BoM_vertical,N$16)/1000 -> 0 | O24: =SUMIFS(BoM_weight,BoM_material_summary,$C24,BoM_layer,M$15,BoM_vertical,O$16)/1000 -> 0 | Q24: Metal - others | R24: =SUMIF(BoM_material_summary,$C24,BoM_volume) -> 0 | S24: =SUMIFS(BoM_volume,BoM_material_summary,$Q24,BoM_vertical,'Results - summary'!S$16) -> 0 | T24: =SUMIFS(BoM_volume,BoM_material_summary,$Q24,BoM_vertical,'Results - summary'!T$16) -> 0 | U24: =SUMIFS(BoM_volume,BoM_material_summary,$C24,BoM_layer,G$15) -> 0 | V24: =SUMIFS(BoM_volume,BoM_material_summary,$Q24,BoM_layer,U$15,BoM_vertical,'Results - summary'!V$16) -> 0 | W24: =SUMIFS(BoM_volume,BoM_material_summary,$Q24,BoM_layer,U$15,BoM_vertical,'Results - summary'!W$16) -> 0 | X24: =SUMIFS(BoM_volume,BoM_material_summary,$C24,BoM_layer,J$15) -> 0 | Y24: =SUMIFS(BoM_volume,BoM_material_summary,$Q24,BoM_layer,X$15,BoM_vertical,'Results - summary'!Y$16) -> 0 | Z24: =SUMIFS(BoM_volume,BoM_material_summary,$Q24,BoM_layer,X$15,BoM_vertical,'Results - summary'!Z$16) -> 0 | AA24: =SUMIFS(BoM_volume,BoM_material_summary,$C24,BoM_layer,M$15) -> 0 | AB24: =SUMIFS(BoM_volume,BoM_material_summary,$Q24,BoM_layer,AA$15,BoM_vertical,'Results - summary'!AB$16) -> 0 | AC24: =SUMIFS(BoM_volume,BoM_material_summary,$Q24,BoM_layer,AA$15,BoM_vertical,'Results - summary'!AC$16) -> 0
C25: Metal - steel | D25: =SUMIF(BoM_material_summary,$C25,BoM_weight)/1000 -> 28.327084 | E25: =SUMIFS(BoM_weight,BoM_material_summary,$C25,BoM_vertical,'Results - summary'!E$16)/1000 -> 27.860524 | F25: =SUMIFS(BoM_weight,BoM_material_summary,$C25,BoM_vertical,'Results - summary'!F$16)/1000 -> 0.46656 | G25: =SUMIFS(BoM_weight,BoM_material_summary,$C25,BoM_layer,G$15)/1000 -> 25.543307 | H25: =SUMIFS(BoM_weight,BoM_material_summary,$C25,BoM_layer,G$15,BoM_vertical,H$16)/1000 -> 25.076747 | I25: =SUMIFS(BoM_weight,BoM_material_summary,$C25,BoM_layer,G$15,BoM_vertical,I$16)/1000 -> 0.46656 | J25: =SUMIFS(BoM_weight,BoM_material_summary,$C25,BoM_layer,J$15)/1000 -> 0.2085912 | K25: =SUMIFS(BoM_weight,BoM_material_summary,$C25,BoM_layer,J$15,BoM_vertical,K$16)/1000 -> 0.2085912 | L25: =SUMIFS(BoM_weight,BoM_material_summary,$C25,BoM_layer,J$15,BoM_vertical,L$16)/1000 -> 0 | M25: =SUMIFS(BoM_weight,BoM_material_summary,$C25,BoM_layer,M$15)/1000 -> 2.5751867 | N25: =SUMIFS(BoM_weight,BoM_material_summary,$C25,BoM_layer,M$15,BoM_vertical,N$16)/1000 -> 2.5751867 | O25: =SUMIFS(BoM_weight,BoM_material_summary,$C25,BoM_layer,M$15,BoM_vertical,O$16)/1000 -> 0 | Q25: Metal - steel | R25: =SUMIF(BoM_material_summary,$C25,BoM_volume) -> 3.6805009 | S25: =SUMIFS(BoM_volume,BoM_material_summary,$Q25,BoM_vertical,'Results - summary'!S$16) -> 3.6206855 | T25: =SUMIFS(BoM_volume,BoM_material_summary,$Q25,BoM_vertical,'Results - summary'!T$16) -> 0.059815385 | U25: =SUMIFS(BoM_volume,BoM_material_summary,$C25,BoM_layer,G$15) -> 3.2747829 | V25: =SUMIFS(BoM_volume,BoM_material_summary,$Q25,BoM_layer,U$15,BoM_vertical,'Results - summary'!V$16) -> 3.2149675 | W25: =SUMIFS(BoM_volume,BoM_material_summary,$Q25,BoM_layer,U$15,BoM_vertical,'Results - summary'!W$16) -> 0.059815385 | X25: =SUMIFS(BoM_volume,BoM_material_summary,$C25,BoM_layer,J$15) -> 0.077256 | Y25: =SUMIFS(BoM_volume,BoM_material_summary,$Q25,BoM_layer,X$15,BoM_vertical,'Results - summary'!Y$16) -> 0.077256 | Z25: =SUMIFS(BoM_volume,BoM_material_summary,$Q25,BoM_layer,X$15,BoM_vertical,'Results - summary'!Z$16) -> 0 | AA25: =SUMIFS(BoM_volume,BoM_material_summary,$C25,BoM_layer,M$15) -> 0.328462 | AB25: =SUMIFS(BoM_volume,BoM_material_summary,$Q25,BoM_layer,AA$15,BoM_vertical,'Results - summary'!AB$16) -> 0.328462 | AC25: =SUMIFS(BoM_volume,BoM_material_summary,$Q25,BoM_layer,AA$15,BoM_vertical,'Results - summary'!AC$16) -> 0
C26: Plastics | D26: =SUMIF(BoM_material_summary,$C26,BoM_weight)/1000 -> 0.27278694 | E26: =SUMIFS(BoM_weight,BoM_material_summary,$C26,BoM_vertical,'Results - summary'!E$16)/1000 -> 0.188784 | F26: =SUMIFS(BoM_weight,BoM_material_summary,$C26,BoM_vertical,'Results - summary'!F$16)/1000 -> 0.08400294 | G26: =SUMIFS(BoM_weight,BoM_material_summary,$C26,BoM_layer,G$15)/1000 -> 0.08400294 | H26: =SUMIFS(BoM_weight,BoM_material_summary,$C26,BoM_layer,G$15,BoM_vertical,H$16)/1000 -> 0 | I26: =SUMIFS(BoM_weight,BoM_material_summary,$C26,BoM_layer,G$15,BoM_vertical,I$16)/1000 -> 0.08400294 | J26: =SUMIFS(BoM_weight,BoM_material_summary,$C26,BoM_layer,J$15)/1000 -> 0.188784 | K26: =SUMIFS(BoM_weight,BoM_material_summary,$C26,BoM_layer,J$15,BoM_vertical,K$16)/1000 -> 0.188784 | L26: =SUMIFS(BoM_weight,BoM_material_summary,$C26,BoM_layer,J$15,BoM_vertical,L$16)/1000 -> 0 | M26: =SUMIFS(BoM_weight,BoM_material_summary,$C26,BoM_layer,M$15)/1000 -> 0 | N26: =SUMIFS(BoM_weight,BoM_material_summary,$C26,BoM_layer,M$15,BoM_vertical,N$16)/1000 -> 0 | O26: =SUMIFS(BoM_weight,BoM_material_summary,$C26,BoM_layer,M$15,BoM_vertical,O$16)/1000 -> 0 | Q26: Plastics | R26: =SUMIF(BoM_material_summary,$C26,BoM_volume) -> 0.22626 | S26: =SUMIFS(BoM_volume,BoM_material_summary,$Q26,BoM_vertical,'Results - summary'!S$16) -> 0.1368 | T26: =SUMIFS(BoM_volume,BoM_material_summary,$Q26,BoM_vertical,'Results - summary'!T$16) -> 0.08946 | U26: =SUMIFS(BoM_volume,BoM_material_summary,$C26,BoM_layer,G$15) -> 0.08946 | V26: =SUMIFS(BoM_volume,BoM_material_summary,$Q26,BoM_layer,U$15,BoM_vertical,'Results - summary'!V$16) -> 0 | W26: =SUMIFS(BoM_volume,BoM_material_summary,$Q26,BoM_layer,U$15,BoM_vertical,'Results - summary'!W$16) -> 0.08946 | X26: =SUMIFS(BoM_volume,BoM_material_summary,$C26,BoM_layer,J$15) -> 0.1368 | Y26: =SUMIFS(BoM_volume,BoM_material_summary,$Q26,BoM_layer,X$15,BoM_vertical,'Results - summary'!Y$16) -> 0.1368 | Z26: =SUMIFS(BoM_volume,BoM_material_summary,$Q26,BoM_layer,X$15,BoM_vertical,'Results - summary'!Z$16) -> 0 | AA26: =SUMIFS(BoM_volume,BoM_material_summary,$C26,BoM_layer,M$15) -> 0 | AB26: =SUMIFS(BoM_volume,BoM_material_summary,$Q26,BoM_layer,AA$15,BoM_vertical,'Results - summary'!AB$16) -> 0 | AC26: =SUMIFS(BoM_volume,BoM_material_summary,$Q26,BoM_layer,AA$15,BoM_vertical,'Results - summary'!AC$16) -> 0
C27: Others n.e.c | D27: =SUMIF(BoM_material_summary,$C27,BoM_weight)/1000 -> 0.04777136 | E27: =SUMIFS(BoM_weight,BoM_material_summary,$C27,BoM_vertical,'Results - summary'!E$16)/1000 -> 0.04777136 | F27: =SUMIFS(BoM_weight,BoM_material_summary,$C27,BoM_vertical,'Results - summary'!F$16)/1000 -> 0 | G27: =SUMIFS(BoM_weight,BoM_material_summary,$C27,BoM_layer,G$15)/1000 -> 0 | H27: =SUMIFS(BoM_weight,BoM_material_summary,$C27,BoM_layer,G$15,BoM_vertical,H$16)/1000 -> 0 | I27: =SUMIFS(BoM_weight,BoM_material_summary,$C27,BoM_layer,G$15,BoM_vertical,I$16)/1000 -> 0 | J27: =SUMIFS(BoM_weight,BoM_material_summary,$C27,BoM_layer,J$15)/1000 -> 0.04777136 | K27: =SUMIFS(BoM_weight,BoM_material_summary,$C27,BoM_layer,J$15,BoM_vertical,K$16)/1000 -> 0.04777136 | L27: =SUMIFS(BoM_weight,BoM_material_summary,$C27,BoM_layer,J$15,BoM_vertical,L$16)/1000 -> 0 | M27: =SUMIFS(BoM_weight,BoM_material_summary,$C27,BoM_layer,M$15)/1000 -> 0 | N27: =SUMIFS(BoM_weight,BoM_material_summary,$C27,BoM_layer,M$15,BoM_vertical,N$16)/1000 -> 0 | O27: =SUMIFS(BoM_weight,BoM_material_summary,$C27,BoM_layer,M$15,BoM_vertical,O$16)/1000 -> 0 | Q27: Others n.e.c | R27: =SUMIF(BoM_material_summary,$C27,BoM_volume) -> 2.81008 | S27: =SUMIFS(BoM_volume,BoM_material_summary,$Q27,BoM_vertical,'Results - summary'!S$16) -> 2.81008 | T27: =SUMIFS(BoM_volume,BoM_material_summary,$Q27,BoM_vertical,'Results - summary'!T$16) -> 0 | U27: =SUMIFS(BoM_volume,BoM_material_summary,$C27,BoM_layer,G$15) -> 0 | V27: =SUMIFS(BoM_volume,BoM_material_summary,$Q27,BoM_layer,U$15,BoM_vertical,'Results - summary'!V$16) -> 0 | W27: =SUMIFS(BoM_volume,BoM_material_summary,$Q27,BoM_layer,U$15,BoM_vertical,'Results - summary'!W$16) -> 0 | X27: =SUMIFS(BoM_volume,BoM_material_summary,$C27,BoM_layer,J$15) -> 2.81008 | Y27: =SUMIFS(BoM_volume,BoM_material_summary,$Q27,BoM_layer,X$15,BoM_vertical,'Results - summary'!Y$16) -> 2.81008 | Z27: =SUMIFS(BoM_volume,BoM_material_summary,$Q27,BoM_layer,X$15,BoM_vertical,'Results - summary'!Z$16) -> 0 | AA27: =SUMIFS(BoM_volume,BoM_material_summary,$C27,BoM_layer,M$15) -> 0 | AB27: =SUMIFS(BoM_volume,BoM_material_summary,$Q27,BoM_layer,AA$15,BoM_vertical,'Results - summary'!AB$16) -> 0 | AC27: =SUMIFS(BoM_volume,BoM_material_summary,$Q27,BoM_layer,AA$15,BoM_vertical,'Results - summary'!AC$16) -> 0
C28: --- TOTAL --- | D28: =SUM(D17:D27) -> 502.92108 | E28: =SUM(E17:E27) -> 225.85617 | F28: =SUM(F17:F27) -> 277.06491 | G28: =SUM(G17:G27) -> 316.77245 | H28: =SUM(H17:H27) -> 39.707535 | I28: =SUM(I17:I27) -> 277.06491 | J28: =SUM(J17:J27) -> 151.63739 | K28: =SUM(K17:K27) -> 151.63739 | ... O28: =SUM(O17:O27) -> 0 | Q28: --- TOTAL --- | R28: =SUM(R17:R27) -> 283.82512 | S28: =SUM(S17:S27) -> 150.29618 | T28: =SUM(T17:T27) -> 133.52894 | U28: =SUM(U17:U27) -> 160.83731 | V28: =SUM(V17:V27) -> 27.30837 | W28: =SUM(W17:W27) -> 133.52894 | X28: =SUM(X17:X27) -> 101.19091 | Y28: =SUM(Y17:Y27) -> 101.19091 | ... AC28: =SUM(AC17:AC27) -> 0

Sheet Settings for bespoke MI format
P1: Click on the "+" above to display the procedures used to format results displayed in the tab "Results_bespoke"
D3: BESPOKE FORMATTING OF RESULTS
D4: In the table below, select the various formatting options for MI result.
D5: Click here to see the results according to your selected options (tab "Results_bespoke").
D7: Select material categorisation | E7: GMFA_13
D8: Select unit of building size | E8: m2.GEFA | I8: Structure of Results (filtered in Results_bespoke) | N8: Selected in columns AB | O8: For formulas in Results_bespoke
D9: Select unit of material quantification | E9: kg | I9: Building_layer | J9: Element | K9: Vertical_scope | L9: Near_component | N9: Material category (vlookup below) for results: | O9: =VLOOKUP(E7,'Settings for bespoke MI format'!$N$14:$O$25,2) -> GMFA_13_match
C10: ⍰ | D10: Select shearing layers | E10: Enter 1 next to the layer(s) to include in the results | I10: =IF($E$11=1,"Structure",0) -> Structure | J10: =IF($E$11=0,0,IF($E16=1,D16,0)) -> Beams | K10: Super | L10: =IF(OR(I10=0,J10=0,K10=0),0,I10&"_"&J10&"_"&K10) -> Structure_Beams_Super | N10: Building size (m2.GEFA, m2.NFA, or m3.aboveground) | O10: =IF(E8="m2.GEFA",'Building information'!H39,IF(E8="m2.NFA",'Building information'!H41,IF(E8="m3.aboveground",'Building information'!E47,0))) -> 386
D11: Structure | E11: 1 | I11: =IF($E$11=1,"Structure",0) -> Structure | J11: =IF($E17=1,D17,0) -> Columns | K11: Super | L11: =IF(OR(I11=0,J11=0,K11=0),0,I11&"_"&J11&"_"&K11) -> Structure_Columns_Super | N11: Material quantification(kg or m3) | O11: =IF(E9="kg","BOM_weight",IF(E9="m3","BoM_volume",0)) -> BOM_weight
D12: Space | E12: 1 | I12: =IF($E$11=1,"Structure",0) -> Structure | J12: =IF($E18=1,D18,0) -> Ceiling | K12: Super | L12: =IF(OR(I12=0,J12=0,K12=0),0,I12&"_"&J12&"_"&K12) -> Structure_Ceiling_Super
D13: Skin | E13: 1 | I13: =IF($E$11=1,"Structure",0) -> Structure | J13: =IF($E19=1,D19,0) -> External walls | K13: Super | L13: =IF(OR(I13=0,J13=0,K13=0),0,I13&"_"&J13&"_"&K13) -> Structure_External walls_Super | N13: Material categorization | O13: Matching Name
C14: ⍰ | D14: Select building elements | E14: Enter 1 next to the element(s) to include in the results | I14: =IF($E$11=1,"Structure",0) -> Structure | J14: =IF($E20=1,D20,0) -> Internal walls | K14: Super | L14: =IF(OR(I14=0,J14=0,K14=0),0,I14&"_"&J14&"_"&K14) -> Structure_Internal walls_Super | N14: Bespoke | O14: Bespoke_match
D15: Super | I15: =IF($E$11=1,"Structure",0) -> Structure | J15: =IF($E21=1,D21,0) -> Roof | K15: Super | L15: =IF(OR(I15=0,J15=0,K15=0),0,I15&"_"&J15&"_"&K15) -> Structure_Roof_Super | N15: Database_seed_Level2 | O15: Database_seed_L2_match
D16: Beams | E16: 1 | I16: =IF($E$11=1,"Structure",0) -> Structure | J16: =IF($E22=1,D22,0) -> Stairs and ramps | K16: Super | L16: =IF(OR(I16=0,J16=0,K16=0),0,I16&"_"&J16&"_"&K16) -> Structure_Stairs and ramps_Super | N16: Database_seed_Level3 | O16: Database_seed_L3_match
D17: Columns | E17: 1 | I17: =IF($E$11=1,"Structure",0) -> Structure | J17: =IF($E23=1,D23,0) -> Upper floors | K17: Super | L17: =IF(OR(I17=0,J17=0,K17=0),0,I17&"_"&J17&"_"&K17) -> Structure_Upper floors_Super | N17: Database_seed_Level4 | O17: Database_seed_L4_match
D18: Ceiling | E18: 1 | I18: =IF($E$11=1,"Structure",0) -> Structure | J18: =IF($E24=1,D24,0) -> Windows and external doors | K18: Super | L18: =IF(OR(I18=0,J18=0,K18=0),0,I18&"_"&J18&"_"&K18) -> Structure_Windows and external doors_Super | N18: ewMFA_code_Level_2_3 | O18: ewMFA_level2_3_match
D19: External walls | E19: 1 | I19: =IF($E$11=1,"Structure",0) -> Structure | J19: =IF($E26=1,D26,0) -> Lowest floor | K19: Sub | L19: =IF(OR(I19=0,J19=0,K19=0),0,I19&"_"&J19&"_"&K19) -> Structure_Lowest floor_Sub | N19: ewMFA_code_Level1 | O19: ewMFA_level1_match
D20: Internal walls | E20: 1 | I20: =IF($E$11=1,"Structure",0) -> Structure | J20: =IF($E27=1,D27,0) -> Basement and retaining walls | K20: Sub | L20: =IF(OR(I20=0,J20=0,K20=0),0,I20&"_"&J20&"_"&K20) -> Structure_Basement and retaining walls_Sub | N20: GMFA_13 | O20: GMFA_13_match
D21: Roof | E21: 1 | I21: =IF($E$11=1,"Structure",0) -> Structure | J21: =IF($E28=1,D28,0) -> Foundations | K21: Sub | L21: =IF(OR(I21=0,J21=0,K21=0),0,I21&"_"&J21&"_"&K21) -> Structure_Foundations_Sub | N21: Industry_component_name | O21: Industry_component_match
D22: Stairs and ramps | E22: 1 | I22: =IF($E$12=1,"Space",0) -> Space | J22: =J10 -> Beams | K22: Super | L22: =IF(OR(I22=0,J22=0,K22=0),0,I22&"_"&J22&"_"&K22) -> Space_Beams_Super | N22: Industry_main_category | O22: industry_main_category_match
D23: Upper floors | E23: 1 | I23: =IF($E$12=1,"Space",0) -> Space | J23: =J11 -> Columns | K23: Super | L23: =IF(OR(I23=0,J23=0,K23=0),0,I23&"_"&J23&"_"&K23) -> Space_Columns_Super | N23: Industry_sub_category | O23: industry_subcategory_match
D24: Windows and external doors | E24: 1 | I24: =IF($E$12=1,"Space",0) -> Space | J24: =J12 -> Ceiling | K24: Super | L24: =IF(OR(I24=0,J24=0,K24=0),0,I24&"_"&J24&"_"&K24) -> Space_Ceiling_Super | N24: LoW_mirror_hazardous | O24: LoW_haz_match
D25: Sub | I25: =IF($E$12=1,"Space",0) -> Space | J25: =J13 -> External walls | K25: Super | L25: =IF(OR(I25=0,J25=0,K25=0),0,I25&"_"&J25&"_"&K25) -> Space_External walls_Super | N25: LoW_mirror_non_hazardous | O25: LoW_non_haz_match
D26: Lowest floor | E26: 1 | I26: =IF($E$12=1,"Space",0) -> Space | J26: =J14 -> Internal walls | K26: Super | L26: =IF(OR(I26=0,J26=0,K26=0),0,I26&"_"&J26&"_"&K26) -> Space_Internal walls_Super
D27: Basement and retaining walls | E27: 1 | I27: =IF($E$12=1,"Space",0) -> Space | J27: =J15 -> Roof | K27: Super | L27: =IF(OR(I27=0,J27=0,K27=0),0,I27&"_"&J27&"_"&K27) -> Space_Roof_Super
D28: Foundations | E28: 1 | I28: =IF($E$12=1,"Space",0) -> Space | J28: =J16 -> Stairs and ramps | K28: Super | L28: =IF(OR(I28=0,J28=0,K28=0),0,I28&"_"&J28&"_"&K28) -> Space_Stairs and ramps_Super
I29: =IF($E$12=1,"Space",0) -> Space | J29: =J17 -> Upper floors | K29: Super | L29: =IF(OR(I29=0,J29=0,K29=0),0,I29&"_"&J29&"_"&K29) -> Space_Upper floors_Super
I30: =IF($E$12=1,"Space",0) -> Space | J30: =J18 -> Windows and external doors | K30: Super | L30: =IF(OR(I30=0,J30=0,K30=0),0,I30&"_"&J30&"_"&K30) -> Space_Windows and external doors_Super
I31: =IF($E$12=1,"Space",0) -> Space | J31: =J19 -> Lowest floor | K31: Sub | L31: =IF(OR(I31=0,J31=0,K31=0),0,I31&"_"&J31&"_"&K31) -> Space_Lowest floor_Sub
I32: =IF($E$12=1,"Space",0) -> Space | J32: =J20 -> Basement and retaining walls | K32: Sub | L32: =IF(OR(I32=0,J32=0,K32=0),0,I32&"_"&J32&"_"&K32) -> Space_Basement and retaining walls_Sub
I33: =IF($E$12=1,"Space",0) -> Space | J33: =J21 -> Foundations | K33: Sub | L33: =IF(OR(I33=0,J33=0,K33=0),0,I33&"_"&J33&"_"&K33) -> Space_Foundations_Sub
I34: =IF($E$13=1,"Skin",0) -> Skin | J34: =J22 -> Beams | K34: Super | L34: =IF(OR(I34=0,J34=0,K34=0),0,I34&"_"&J34&"_"&K34) -> Skin_Beams_Super
I35: =IF($E$13=1,"Skin",0) -> Skin | J35: =J23 -> Columns | K35: Super | L35: =IF(OR(I35=0,J35=0,K35=0),0,I35&"_"&J35&"_"&K35) -> Skin_Columns_Super
I36: =IF($E$13=1,"Skin",0) -> Skin | J36: =J24 -> Ceiling | K36: Super | L36: =IF(OR(I36=0,J36=0,K36=0),0,I36&"_"&J36&"_"&K36) -> Skin_Ceiling_Super
I37: =IF($E$13=1,"Skin",0) -> Skin | J37: =J25 -> External walls | K37: Super | L37: =IF(OR(I37=0,J37=0,K37=0),0,I37&"_"&J37&"_"&K37) -> Skin_External walls_Super
I38: =IF($E$13=1,"Skin",0) -> Skin | J38: =J26 -> Internal walls | K38: Super | L38: =IF(OR(I38=0,J38=0,K38=0),0,I38&"_"&J38&"_"&K38) -> Skin_Internal walls_Super
I39: =IF($E$13=1,"Skin",0) -> Skin | J39: =J27 -> Roof | K39: Super | L39: =IF(OR(I39=0,J39=0,K39=0),0,I39&"_"&J39&"_"&K39) -> Skin_Roof_Super
I40: =IF($E$13=1,"Skin",0) -> Skin | J40: =J28 -> Stairs and ramps | K40: Super | L40: =IF(OR(I40=0,J40=0,K40=0),0,I40&"_"&J40&"_"&K40) -> Skin_Stairs and ramps_Super
I41: =IF($E$13=1,"Skin",0) -> Skin | J41: =J29 -> Upper floors | K41: Super | L41: =IF(OR(I41=0,J41=0,K41=0),0,I41&"_"&J41&"_"&K41) -> Skin_Upper floors_Super
I42: =IF($E$13=1,"Skin",0) -> Skin | J42: =J30 -> Windows and external doors | K42: Super | L42: =IF(OR(I42=0,J42=0,K42=0),0,I42&"_"&J42&"_"&K42) -> Skin_Windows and external doors_Super
I43: =IF($E$13=1,"Skin",0) -> Skin | J43: =J31 -> Lowest floor | K43: Sub | L43: =IF(OR(I43=0,J43=0,K43=0),0,I43&"_"&J43&"_"&K43) -> Skin_Lowest floor_Sub
I44: =IF($E$13=1,"Skin",0) -> Skin | J44: =J32 -> Basement and retaining walls | K44: Sub | L44: =IF(OR(I44=0,J44=0,K44=0),0,I44&"_"&J44&"_"&K44) -> Skin_Basement and retaining walls_Sub
I45: =IF($E$13=1,"Skin",0) -> Skin | J45: =J33 -> Foundations | K45: Sub | L45: =IF(OR(I45=0,J45=0,K45=0),0,I45&"_"&J45&"_"&K45) -> Skin_Foundations_Sub

Sheet Bespoke MI format - results
A1: Building_layer ⍰ | B1: Element ⍰ | C1: Vertical_scope ⍰ | D1: Near_component ⍰ | E1: Unit ⍰ | F1: {=IFERROR(TRANSPOSE(INDIRECT('Settings for bespoke MI format'!E7)),"Please choose a material classification in former tab")} -> Crop Residues | G1: Ferrous ores | H1: Non-ferrous ores | I1: Non-metallic minerals - construction dominant | J1: Non-wild animal products | K1: Other products mainly from fossil fuels e.g. plastics | L1: Products mainly from biomass nec. | M1: Products mainly from non-metallic minerals | N1: Wood
A2: {=IFERROR(_xlfn._xlws.FILTER('Settings for bespoke MI format'!I10:I81,('Settings for bespoke MI format'!I10:I81<>0)*('Settings for bespoke MI format'!J10:J81<>0)),"Please set the MI format in former tab")} -> Structure | B2: {=IFERROR(_xlfn._xlws.FILTER('Settings for bespoke MI format'!J10:J81,('Settings for bespoke MI format'!I10:I81<>0)*('Settings for bespoke MI format'!J10:J81<>0)),"Please set the MI format in former tab")} -> Beams | C2: {=IFERROR(_xlfn._xlws.FILTER('Settings for bespoke MI format'!K10:K81,('Settings for bespoke MI format'!I10:I81<>0)*('Settings for bespoke MI format'!J10:J81<>0)*('Settings for bespoke MI format'!K10:K81<>0)),"Please set the MI format in former tab")} -> Super | D2: =IF(C2<>0,A2&"_"&B2&"_"&C2,"") -> Structure_Beams_Super | E2: =IF(C2<>0,IF(ISBLANK('Settings for bespoke MI format'!$E$9),"",'Settings for bespoke MI format'!$E$9)&"/"&IF(ISBLANK('Settings for bespoke MI format'!$E$8),"",'Settings for bespoke MI format'!$E$8),"") -> kg/m2.GEFA | F2: {=IF(AND(F$1<>0,$C2<>0),(SUMPRODUCT(INDIRECT('Settings for bespoke MI format'!$O$11),(_xlfn.IFNA(IF(INDEX(INDIRECT('Settings for bespoke MI format'!$O$9),MATCH(BoM_material,BUD_MI_L4_match,0))=F$1,1,0),0)),_xlfn.IFNA(IF(BoM_layer&BoM_element&BoM_vertical=$A2&$B2&$C2,1,0),0))/'Settings for bespoke MI format'!$O$10),"")} -> 0 | G2: {=IF(AND(G$1<>0,$C2<>0),(SUMPRODUCT(INDIRECT('Settings for bespoke MI format'!$O$11),(_xlfn.IFNA(IF(INDEX(INDIRECT('Settings for bespoke MI format'!$O$9),MATCH(BoM_material,BUD_MI_L4_match,0))=G$1,1,0),0)),_xlfn.IFNA(IF(BoM_layer&BoM_element&BoM_vertical=$A2&$B2&$C2,1,0),0))/'Settings for bespoke MI format'!$O$10),"")} -> 32.331606 | H2: {=IF(AND(H$1<>0,$C2<>0),(SUMPRODUCT(INDIRECT('Settings for bespoke MI format'!$O$11),(_xlfn.IFNA(IF(INDEX(INDIRECT('Settings for bespoke MI format'!$O$9),MATCH(BoM_material,BUD_MI_L4_match,0))=H$1,1,0),0)),_xlfn.IFNA(IF(BoM_layer&BoM_element&BoM_vertical=$A2&$B2&$C2,1,0),0))/'Settings for bespoke MI format'!$O$10),"")} -> 0 | I2: {=IF(AND(I$1<>0,$C2<>0),(SUMPRODUCT(INDIRECT('Settings for bespoke MI format'!$O$11),(_xlfn.IFNA(IF(INDEX(INDIRECT('Settings for bespoke MI format'!$O$9),MATCH(BoM_material,BUD_MI_L4_match,0))=I$1,1,0),0)),_xlfn.IFNA(IF(BoM_layer&BoM_element&BoM_vertical=$A2&$B2&$C2,1,0),0))/'Settings for bespoke MI format'!$O$10),"")} -> 0 | J2: {=IF(AND(J$1<>0,$C2<>0),(SUMPRODUCT(INDIRECT('Settings for bespoke MI format'!$O$11),(_xlfn.IFNA(IF(INDEX(INDIRECT('Settings for bespoke MI format'!$O$9),MATCH(BoM_material,BUD_MI_L4_match,0))=J$1,1,0),0)),_xlfn.IFNA(IF(BoM_layer&BoM_element&BoM_vertical=$A2&$B2&$C2,1,0),0))/'Settings for bespoke MI format'!$O$10),"")} -> 0 | K2: {=IF(AND(K$1<>0,$C2<>0),(SUMPRODUCT(INDIRECT('Settings for bespoke MI format'!$O$11),(_xlfn.IFNA(IF(INDEX(INDIRECT('Settings for bespoke MI format'!$O$9),MATCH(BoM_material,BUD_MI_L4_match,0))=K$1,1,0),0)),_xlfn.IFNA(IF(BoM_layer&BoM_element&BoM_vertical=$A2&$B2&$C2,1,0),0))/'Settings for bespoke MI format'!$O$10),"")} -> 0 | L2: {=IF(AND(L$1<>0,$C2<>0),(SUMPRODUCT(INDIRECT('Settings for bespoke MI format'!$O$11),(_xlfn.IFNA(IF(INDEX(INDIRECT('Settings for bespoke MI format'!$O$9),MATCH(BoM_material,BUD_MI_L4_match,0))=L$1,1,0),0)),_xlfn.IFNA(IF(BoM_layer&BoM_element&BoM_vertical=$A2&$B2&$C2,1,0),0))/'Settings for bespoke MI format'!$O$10),"")} -> 0 | M2: {=IF(AND(M$1<>0,$C2<>0),(SUMPRODUCT(INDIRECT('Settings for bespoke MI format'!$O$11),(_xlfn.IFNA(IF(INDEX(INDIRECT('Settings for bespoke MI format'!$O$9),MATCH(BoM_material,BUD_MI_L4_match,0))=M$1,1,0),0)),_xlfn.IFNA(IF(BoM_layer&BoM_element&BoM_vertical=$A2&$B2&$C2,1,0),0))/'Settings for bespoke MI format'!$O$10),"")} -> 0 | N2: {=IF(AND(N$1<>0,$C2<>0),(SUMPRODUCT(INDIRECT('Settings for bespoke MI format'!$O$11),(_xlfn.IFNA(IF(INDEX(INDIRECT('Settings for bespoke MI format'!$O$9),MATCH(BoM_material,BUD_MI_L4_match,0))=N$1,1,0),0)),_xlfn.IFNA(IF(BoM_layer&BoM_element&BoM_vertical=$A2&$B2&$C2,1,0),0))/'Settings for bespoke MI format'!$O$10),"")} -> 0
A3: Structure | B3: Columns | C3: Super | D3: =IF(C3<>0,A3&"_"&B3&"_"&C3,"") -> Structure_Columns_Super | E3: =IF(C3<>0,IF(ISBLANK('Settings for bespoke MI format'!$E$9),"",'Settings for bespoke MI format'!$E$9)&"/"&IF(ISBLANK('Settings for bespoke MI format'!$E$8),"",'Settings for bespoke MI format'!$E$8),"") -> kg/m2.GEFA | F3: {=IF(AND(F$1<>0,$C3<>0),(SUMPRODUCT(INDIRECT('Settings for bespoke MI format'!$O$11),(_xlfn.IFNA(IF(INDEX(INDIRECT('Settings for bespoke MI format'!$O$9),MATCH(BoM_material,BUD_MI_L4_match,0))=F$1,1,0),0)),_xlfn.IFNA(IF(BoM_layer&BoM_element&BoM_vertical=$A3&$B3&$C3,1,0),0))/'Settings for bespoke MI format'!$O$10),"")} -> 0 | G3: {=IF(AND(G$1<>0,$C3<>0),(SUMPRODUCT(INDIRECT('Settings for bespoke MI format'!$O$11),(_xlfn.IFNA(IF(INDEX(INDIRECT('Settings for bespoke MI format'!$O$9),MATCH(BoM_material,BUD_MI_L4_match,0))=G$1,1,0),0)),_xlfn.IFNA(IF(BoM_layer&BoM_element&BoM_vertical=$A3&$B3&$C3,1,0),0))/'Settings for bespoke MI format'!$O$10),"")} -> 32.614508 | H3: {=IF(AND(H$1<>0,$C3<>0),(SUMPRODUCT(INDIRECT('Settings for bespoke MI format'!$O$11),(_xlfn.IFNA(IF(INDEX(INDIRECT('Settings for bespoke MI format'!$O$9),MATCH(BoM_material,BUD_MI_L4_match,0))=H$1,1,0),0)),_xlfn.IFNA(IF(BoM_layer&BoM_element&BoM_vertical=$A3&$B3&$C3,1,0),0))/'Settings for bespoke MI format'!$O$10),"")} -> 0 | I3: {=IF(AND(I$1<>0,$C3<>0),(SUMPRODUCT(INDIRECT('Settings for bespoke MI format'!$O$11),(_xlfn.IFNA(IF(INDEX(INDIRECT('Settings for bespoke MI format'!$O$9),MATCH(BoM_material,BUD_MI_L4_match,0))=I$1,1,0),0)),_xlfn.IFNA(IF(BoM_layer&BoM_element&BoM_vertical=$A3&$B3&$C3,1,0),0))/'Settings for bespoke MI format'!$O$10),"")} -> 0 | J3: {=IF(AND(J$1<>0,$C3<>0),(SUMPRODUCT(INDIRECT('Settings for bespoke MI format'!$O$11),(_xlfn.IFNA(IF(INDEX(INDIRECT('Settings for bespoke MI format'!$O$9),MATCH(BoM_material,BUD_MI_L4_match,0))=J$1,1,0),0)),_xlfn.IFNA(IF(BoM_layer&BoM_element&BoM_vertical=$A3&$B3&$C3,1,0),0))/'Settings for bespoke MI format'!$O$10),"")} -> 0 | K3: {=IF(AND(K$1<>0,$C3<>0),(SUMPRODUCT(INDIRECT('Settings for bespoke MI format'!$O$11),(_xlfn.IFNA(IF(INDEX(INDIRECT('Settings for bespoke MI format'!$O$9),MATCH(BoM_material,BUD_MI_L4_match,0))=K$1,1,0),0)),_xlfn.IFNA(IF(BoM_layer&BoM_element&BoM_vertical=$A3&$B3&$C3,1,0),0))/'Settings for bespoke MI format'!$O$10),"")} -> 0 | L3: {=IF(AND(L$1<>0,$C3<>0),(SUMPRODUCT(INDIRECT('Settings for bespoke MI format'!$O$11),(_xlfn.IFNA(IF(INDEX(INDIRECT('Settings for bespoke MI format'!$O$9),MATCH(BoM_material,BUD_MI_L4_match,0))=L$1,1,0),0)),_xlfn.IFNA(IF(BoM_layer&BoM_element&BoM_vertical=$A3&$B3&$C3,1,0),0))/'Settings for bespoke MI format'!$O$10),"")} -> 0 | M3: {=IF(AND(M$1<>0,$C3<>0),(SUMPRODUCT(INDIRECT('Settings for bespoke MI format'!$O$11),(_xlfn.IFNA(IF(INDEX(INDIRECT('Settings for bespoke MI format'!$O$9),MATCH(BoM_material,BUD_MI_L4_match,0))=M$1,1,0),0)),_xlfn.IFNA(IF(BoM_layer&BoM_element&BoM_vertical=$A3&$B3&$C3,1,0),0))/'Settings for bespoke MI format'!$O$10),"")} -> 0 | N3: {=IF(AND(N$1<>0,$C3<>0),(SUMPRODUCT(INDIRECT('Settings for bespoke MI format'!$O$11),(_xlfn.IFNA(IF(INDEX(INDIRECT('Settings for bespoke MI format'!$O$9),MATCH(BoM_material,BUD_MI_L4_match,0))=N$1,1,0),0)),_xlfn.IFNA(IF(BoM_layer&BoM_element&BoM_vertical=$A3&$B3&$C3,1,0),0))/'Settings for bespoke MI format'!$O$10),"")} -> 0
